Source File	Size	loadResources	load	generateSnapshots	load-configure	scan	loadDepInfo	loadInfo	checkR4R4B	generateNarratives	validate	loadLists	checkConformanceResources	checkConformanceResources2	checkConformanceResources3	generateLogicalMaps	validateExpressions	scanForUsageStats	checkURLsUnique	processProvenanceDetails	generate1	generate2	responsesForQuestionnaire	generateLogicals	makeDependencies	generateExampleZip	generateValidationPack	scanProfilesForR5	scanExamplesForR5
/fsh-generated/resources/ImplementationGuide-smart.who.int.immunizations.json	224543	-	0	0	1	0	0	0	27	131	0	0	0	0	0	0	0	5	0	0	628	1195	0	0	0	0	30	0	23
fsh-generated/resources/ActivityDefinition-IMMZD2DTBCGMR.json	1196	8	0	0	0	0	0	0	0	22	0	0	0	0	0	0	0	0	0	0	29	22	0	0	0	0	0	0	0
fsh-generated/resources/ActivityDefinition-IMMZD2DTCR.json	997	6	0	0	0	0	0	0	0	13	0	0	0	0	0	0	0	0	0	0	25	19	0	0	0	0	0	0	0
fsh-generated/resources/ActivityDefinition-IMMZD2DTCholeraMR.json	1220	6	0	0	0	0	0	0	1	21	0	0	0	0	0	0	0	0	0	0	18	20	0	0	0	0	0	0	0
fsh-generated/resources/ActivityDefinition-IMMZD2DTDTPMR.json	1208	6	0	0	1	0	0	0	0	11	0	0	0	0	0	0	0	0	0	0	18	18	0	0	0	0	0	0	0
fsh-generated/resources/ActivityDefinition-IMMZD2DTDTPPMR.json	1233	6	0	0	0	0	0	0	0	9	0	0	0	0	0	0	0	0	0	0	18	21	0	0	0	0	0	0	0
fsh-generated/resources/ActivityDefinition-IMMZD2DTDTPTdMR.json	1235	6	0	0	0	0	0	0	0	7	0	0	0	0	0	0	0	0	0	0	17	19	0	0	0	0	1	0	0
fsh-generated/resources/ActivityDefinition-IMMZD2DTDengueMR.json	1215	6	0	0	0	0	0	0	0	10	0	0	0	0	0	0	0	0	0	0	25	19	0	0	0	0	0	0	0
fsh-generated/resources/ActivityDefinition-IMMZD2DTHPVMR.json	1196	5	0	0	0	0	0	0	0	15	0	0	0	0	0	0	0	0	0	0	17	21	0	0	0	0	0	0	0
fsh-generated/resources/ActivityDefinition-IMMZD2DTHepatitisAMR.json	1251	6	0	0	0	0	0	0	0	10	0	0	0	0	0	0	0	0	0	0	26	19	0	0	0	0	0	0	0
fsh-generated/resources/ActivityDefinition-IMMZD2DTHepatitisBMR.json	1247	6	0	0	0	0	0	0	0	11	0	0	0	0	0	0	0	0	0	0	27	20	0	0	0	0	0	0	0
fsh-generated/resources/ActivityDefinition-IMMZD2DTHibMR.json	1207	6	0	0	0	0	0	0	0	9	0	0	0	0	0	0	0	0	0	0	27	14	0	0	0	0	0	0	0
fsh-generated/resources/ActivityDefinition-IMMZD2DTJEMR.json	1190	5	0	0	1	0	0	0	0	7	0	0	0	0	0	0	0	0	0	0	29	12	0	0	0	0	0	0	0
fsh-generated/resources/ActivityDefinition-IMMZD2DTMalariaMR.json	1221	6	0	0	0	0	0	0	0	6	0	0	0	0	0	0	0	0	0	0	26	11	0	0	0	0	0	0	0
fsh-generated/resources/ActivityDefinition-IMMZD2DTMeaslesMR.json	1231	6	0	0	0	0	0	0	0	9	0	0	0	0	0	0	0	0	0	0	27	11	0	0	0	0	0	0	0
fsh-generated/resources/ActivityDefinition-IMMZD2DTMeningococcalMR.json	1257	5	0	0	0	0	0	0	0	7	0	0	0	0	0	0	0	0	0	0	27	14	0	0	0	0	0	0	0
fsh-generated/resources/ActivityDefinition-IMMZD2DTMumpsMR.json	1220	6	0	0	0	0	0	0	1	8	0	0	0	0	0	0	0	0	0	0	26	19	0	0	0	0	0	0	1
fsh-generated/resources/ActivityDefinition-IMMZD2DTPneumococcalMR.json	1251	6	0	0	0	0	0	0	0	6	0	0	0	0	0	0	0	0	0	0	26	20	0	0	0	0	1	0	0
fsh-generated/resources/ActivityDefinition-IMMZD2DTPolioIPVMR.json	1240	5	0	0	0	0	0	0	0	8	0	0	0	0	0	0	0	0	0	0	27	19	0	0	0	0	0	0	0
fsh-generated/resources/ActivityDefinition-IMMZD2DTPolioMR.json	1225	6	0	0	0	0	0	0	0	7	0	0	0	0	0	0	0	0	0	0	26	18	0	0	0	0	0	0	0
fsh-generated/resources/ActivityDefinition-IMMZD2DTPolioOPVMR.json	1233	5	0	0	0	0	0	0	0	6	0	0	0	0	0	0	0	0	0	0	27	19	0	0	0	0	0	0	0
fsh-generated/resources/ActivityDefinition-IMMZD2DTRabiesMR.json	1215	6	0	0	1	0	0	0	0	7	0	0	0	0	0	0	0	0	0	0	19	34	0	0	0	0	0	0	0
fsh-generated/resources/ActivityDefinition-IMMZD2DTRotavirusMR.json	1233	6	0	0	0	0	0	0	0	6	0	0	0	0	0	0	0	0	0	0	17	20	0	0	0	0	0	0	0
fsh-generated/resources/ActivityDefinition-IMMZD2DTRubellaMR.json	1232	5	0	0	0	0	0	0	0	6	0	0	0	0	0	0	0	0	0	0	17	12	0	0	0	0	0	0	0
fsh-generated/resources/ActivityDefinition-IMMZD2DTSeasonalinfluenzaMR.json	1283	6	0	0	0	0	0	0	0	7	0	0	0	0	0	0	0	0	0	0	17	11	0	0	0	0	1	0	0
fsh-generated/resources/ActivityDefinition-IMMZD2DTTBEMR.json	1197	6	0	0	0	0	0	0	0	6	0	0	0	0	0	0	0	0	0	0	17	13	0	0	0	0	0	0	0
fsh-generated/resources/ActivityDefinition-IMMZD2DTTyphoidMR.json	1221	5	0	0	0	0	0	1	0	7	0	0	0	0	0	0	0	0	0	0	16	11	0	0	0	0	0	0	0
fsh-generated/resources/ActivityDefinition-IMMZD2DTVaricellaMR.json	1244	6	0	0	0	0	0	0	0	6	0	0	0	0	0	0	0	0	0	0	17	11	0	0	0	0	0	0	0
fsh-generated/resources/ActivityDefinition-IMMZD2DTYellowfeverMR.json	1246	6	0	0	0	0	0	0	0	5	0	0	0	0	0	0	0	0	0	0	26	12	0	0	0	0	0	0	0
fsh-generated/resources/ActivityDefinition-IMMZD5DTBCGMR.json	1200	5	0	0	1	0	0	0	1	5	0	0	0	0	0	0	0	0	0	0	19	11	0	0	0	0	0	0	0
fsh-generated/resources/ActivityDefinition-IMMZD5DTDTPTdMR.json	1220	6	0	0	0	0	0	0	0	6	0	0	0	0	0	0	0	0	0	0	18	12	0	0	0	0	0	0	0
fsh-generated/resources/ActivityDefinition-IMMZD5DTDengueMR.json	1216	6	0	0	0	0	0	0	0	6	0	0	0	0	0	0	0	0	0	0	16	16	0	0	0	0	0	0	0
fsh-generated/resources/ActivityDefinition-IMMZD5DTHPVMR.json	1200	5	0	0	0	0	0	0	0	10	0	0	0	0	0	0	0	0	0	0	17	19	0	0	0	0	0	0	0
fsh-generated/resources/ActivityDefinition-IMMZD5DTHepatitisAMR.json	1247	6	0	0	0	0	0	0	0	6	0	0	0	0	0	0	0	0	0	0	17	19	0	0	0	0	0	0	0
fsh-generated/resources/ActivityDefinition-IMMZD5DTHepatitisBMR.json	1247	6	0	0	0	0	0	0	0	6	0	0	0	0	0	0	0	0	0	0	16	19	0	0	0	0	0	0	0
fsh-generated/resources/ActivityDefinition-IMMZD5DTMeaslesMR.json	1231	6	0	0	0	0	0	0	0	5	0	0	0	0	0	0	0	0	0	0	17	19	0	0	0	0	1	0	0
fsh-generated/resources/ActivityDefinition-IMMZD5DTMeningococcalMR.json	1251	5	0	0	0	0	0	0	0	6	0	0	0	0	0	0	0	0	0	0	22	19	0	0	0	0	0	0	0
fsh-generated/resources/ActivityDefinition-IMMZD5DTMumpsMR.json	1222	6	0	0	0	0	0	0	0	6	0	0	0	0	0	0	0	0	0	0	16	19	0	0	0	0	0	0	1
fsh-generated/resources/ActivityDefinition-IMMZD5DTPolioMR.json	1227	5	0	0	1	0	0	0	0	5	0	0	0	0	0	0	0	0	0	0	16	16	0	0	0	0	0	0	0
fsh-generated/resources/ActivityDefinition-IMMZD5DTRotavirusMR.json	1231	6	0	0	0	0	0	0	0	6	0	0	0	0	0	0	0	0	0	0	17	11	0	0	0	0	0	0	0
fsh-generated/resources/ActivityDefinition-IMMZD5DTRubellaMR.json	1232	5	0	0	0	0	0	0	0	5	0	0	0	0	0	0	0	0	0	0	21	11	0	0	0	0	0	0	0
fsh-generated/resources/ActivityDefinition-IMMZD5DTTyphoidMR.json	1221	6	0	0	0	0	0	0	0	5	0	0	0	0	0	0	0	0	0	0	16	11	0	0	0	0	0	0	0
fsh-generated/resources/ActivityDefinition-IMMZD5DTVaricellaMR.json	1242	3	0	0	0	0	0	0	0	6	0	0	0	0	0	0	0	0	0	0	17	12	0	0	0	0	1	0	0
fsh-generated/resources/ActivityDefinition-IMMZD5DTYellowfeverMR.json	1242	3	0	0	0	0	0	0	1	7	0	0	0	0	0	0	0	0	0	0	17	11	0	0	0	0	0	0	0
fsh-generated/resources/CodeSystem-IMMZ.C.json	3085	3	0	0	0	0	0	0	0	9	0	0	1	0	0	0	0	1	0	0	20	4031	0	0	0	0	0	0	0
fsh-generated/resources/CodeSystem-IMMZ.D.json	33745	9	0	0	0	0	0	0	1	27	0	0	0	0	0	0	0	0	0	0	100	298	0	0	0	0	5	0	1
fsh-generated/resources/CodeSystem-IMMZ.D2.DT.Inputs.json	58212	11	0	0	1	0	0	0	3	35	0	0	0	0	0	0	0	0	0	0	160	175	0	0	0	0	4	0	1
fsh-generated/resources/CodeSystem-IMMZ.D2.DT.Outputs.json	17202	7	0	0	0	0	0	0	1	11	0	0	0	0	0	0	0	1	0	0	58	95	0	0	0	0	1	0	1
fsh-generated/resources/CodeSystem-IMMZ.D5.DT.Inputs.json	8047	6	0	0	0	0	0	0	0	12	0	0	0	0	0	0	0	0	0	0	43	67	0	0	0	0	1	0	0
fsh-generated/resources/CodeSystem-IMMZ.D5.DT.Outputs.json	5898	4	0	0	0	0	0	0	0	11	0	0	0	0	0	0	0	0	0	0	37	60	0	0	0	0	0	0	0
fsh-generated/resources/CodeSystem-IMMZ.Ex.json	650	3	0	0	0	0	0	0	0	9	0	0	0	0	0	0	0	0	0	0	22	56	0	0	0	0	1	0	0
fsh-generated/resources/CodeSystem-IMMZ.I.json	5571	3	0	0	0	0	0	0	0	11	0	0	0	0	0	0	0	0	0	0	34	62	0	0	0	0	0	0	0
fsh-generated/resources/CodeSystem-IMMZ.Z.json	5697	4	0	0	0	0	0	0	1	7	0	0	0	0	0	0	0	0	0	0	25	64	0	0	0	0	1	0	0
fsh-generated/resources/ConceptMap-IMMZ.C.ConceptMap.json	13521	3	0	0	0	0	0	0	1	6196	0	0	0	0	0	0	0	0	0	0	42	42	0	0	0	0	1	0	0
fsh-generated/resources/ConceptMap-IMMZ.D.ConceptMap.json	83603	10	0	0	0	0	0	0	4	63283	0	0	0	0	0	0	0	1	0	0	182	155	0	0	0	0	9	0	2
fsh-generated/resources/ConceptMap-IMMZ.Z.ConceptMap.json	160467	14	0	0	0	0	0	0	9	117762	0	0	0	0	0	0	0	2	0	0	352	284	0	0	0	0	15	0	2
fsh-generated/resources/Library-IMMZAgeConcepts.json	1110	3	0	0	0	0	0	0	0	664	0	0	0	0	0	0	0	0	0	0	160	43	0	0	0	0	4	0	0
fsh-generated/resources/Library-IMMZCommon.json	1087	3	0	0	1	0	0	0	0	7	0	0	0	0	0	0	0	0	0	0	193	38	0	0	0	0	8	0	0
fsh-generated/resources/Library-IMMZConcepts.json	1071	6	0	0	0	0	0	0	0	18	0	0	0	0	0	0	0	0	0	0	120	33	0	0	0	0	3	0	0
fsh-generated/resources/Library-IMMZD18SBCGLogic.json	1131	5	0	0	0	0	0	0	1	16	0	0	0	0	0	0	0	0	0	0	75	28	0	0	0	0	2	0	1
fsh-generated/resources/Library-IMMZD18SCholeraWCLogic.json	1176	4	0	0	0	0	0	0	0	15	0	0	0	0	0	0	0	0	0	0	172	42	0	0	0	0	5	0	0
fsh-generated/resources/Library-IMMZD18SCholerarBS2to5Logic.json	1211	3	0	0	0	0	0	0	1	20	0	0	0	0	0	0	0	0	0	0	213	83	0	0	0	0	6	0	0
fsh-generated/resources/Library-IMMZD18SCholerarBSover5Logic.json	1216	3	0	0	0	0	0	0	0	16	0	0	0	0	0	0	0	0	0	0	168	41	0	0	0	0	5	0	0
fsh-generated/resources/Library-IMMZD18SDTPDelayedLogic.json	1188	2	0	0	0	0	0	0	1	24	0	0	0	0	0	0	0	0	0	0	339	58	0	0	0	0	9	0	0
fsh-generated/resources/Library-IMMZD18SDTPOnTimeLogic.json	1174	3	0	0	1	0	0	0	0	23	0	0	0	0	0	0	0	0	0	0	357	63	0	0	0	0	12	0	0
fsh-generated/resources/Library-IMMZD18SDTPPregnant3Logic.json	1207	3	0	0	0	0	0	0	1	16	0	0	0	0	0	0	0	1	0	0	174	41	0	0	0	0	5	0	0
fsh-generated/resources/Library-IMMZD18SDTPPregnant4Logic.json	1207	3	0	0	0	0	0	0	0	13	0	0	0	0	0	0	0	0	0	0	124	33	0	0	0	0	4	0	0
fsh-generated/resources/Library-IMMZD18SDengue3DoseLogic.json	1173	4	0	0	0	0	0	0	0	15	0	0	0	0	0	0	0	0	0	0	159	37	0	0	0	0	4	0	1
fsh-generated/resources/Library-IMMZD18SHPV2DoseLogic.json	1162	5	0	0	0	0	0	0	1	15	0	0	0	0	0	0	0	0	0	0	165	24	0	0	0	0	5	0	0
fsh-generated/resources/Library-IMMZD18SHPVAltLogic.json	1153	4	0	0	0	0	0	0	0	14	0	0	0	0	0	0	0	0	0	0	172	36	0	0	0	0	6	0	0
fsh-generated/resources/Library-IMMZD18SHepatitisAIHAV1Logic.json	1221	3	0	0	0	0	0	0	0	12	0	0	0	0	0	0	0	0	0	0	69	22	0	0	0	0	2	0	0
fsh-generated/resources/Library-IMMZD18SHepatitisAIHAV2Logic.json	1221	2	0	0	0	0	0	0	1	13	0	0	0	0	0	0	0	0	0	0	101	25	0	0	0	0	3	0	0
fsh-generated/resources/Library-IMMZD18SHepatitisALHAV1Logic.json	1225	3	0	0	1	0	0	0	0	11	0	0	0	0	0	0	0	0	0	0	73	26	0	0	0	0	2	0	0
fsh-generated/resources/Library-IMMZD18SHepatitisB3DelayedLogic.json	1227	3	0	0	0	0	0	0	0	15	0	0	0	0	0	0	0	0	0	0	140	29	0	0	0	0	4	0	1
fsh-generated/resources/Library-IMMZD18SHepatitisB3DoseLogic.json	1205	3	0	0	0	0	0	0	1	15	0	0	0	0	0	0	0	0	0	0	165	22	0	0	0	0	5	0	1
fsh-generated/resources/Library-IMMZD18SHepatitisB4DoseLogic.json	1205	3	0	0	0	0	0	0	0	14	0	0	0	0	0	0	0	0	0	0	142	20	0	0	0	0	4	0	0
fsh-generated/resources/Library-IMMZD18SHepatitisBBirthLogic.json	1209	3	0	0	0	0	0	0	0	11	0	0	0	0	0	0	0	0	0	0	66	14	0	0	0	0	2	0	0
fsh-generated/resources/Library-IMMZD18SHib2p1bLogic.json	1176	2	0	0	0	0	0	0	1	14	0	0	0	0	0	0	0	1	0	0	164	22	0	0	0	0	5	0	0
fsh-generated/resources/Library-IMMZD18SHib3p1bLogic.json	1176	3	0	0	0	0	0	0	0	16	0	0	0	0	0	0	0	0	0	0	205	24	0	0	0	0	13	0	0
fsh-generated/resources/Library-IMMZD18SHib3pLogic.json	1148	3	0	0	0	0	0	0	1	13	0	0	0	0	0	0	0	0	0	0	167	32	0	0	0	0	8	0	0
fsh-generated/resources/Library-IMMZD18SJEIVLogic.json	1176	3	0	0	1	0	0	0	0	15	0	0	0	0	0	0	0	0	0	0	103	16	0	0	0	0	2	0	0
fsh-generated/resources/Library-IMMZD18SJELALogic.json	1162	3	0	0	1	0	0	0	0	11	0	0	0	0	0	0	0	0	0	0	75	15	0	0	0	0	3	0	0
fsh-generated/resources/Library-IMMZD18SJELRLogic.json	1163	2	0	0	0	0	0	0	1	10	0	0	0	0	0	0	0	0	0	0	74	15	0	0	0	0	2	0	0
fsh-generated/resources/Library-IMMZD18SMalaria4DoseLogic.json	1179	3	0	0	0	0	0	0	0	16	0	0	0	0	0	0	0	0	0	0	166	21	0	0	0	0	5	0	0
fsh-generated/resources/Library-IMMZD18SMeaslesDose0LTLogic.json	1200	3	0	0	0	0	0	0	0	10	0	0	0	0	0	0	0	0	0	0	78	16	0	0	0	0	2	0	0
fsh-generated/resources/Library-IMMZD18SMeaslesDose0OTLogic.json	1200	3	0	0	1	0	0	0	0	10	0	0	0	0	0	0	0	0	0	0	79	15	0	0	0	0	3	0	0
fsh-generated/resources/Library-IMMZD18SMeaslesLowTxLogic.json	1196	2	0	0	0	0	0	0	1	15	0	0	0	0	0	0	0	0	0	0	95	16	0	0	0	0	2	0	0
fsh-generated/resources/Library-IMMZD18SMeaslesOngoingTxLogic.json	1220	3	0	0	0	0	0	0	0	11	0	0	0	0	0	0	0	0	0	0	94	15	0	0	0	0	3	0	0
fsh-generated/resources/Library-IMMZD18SMeaslesSupplementaryLogic.json	1238	3	0	0	0	0	0	0	0	10	0	0	0	0	0	0	0	0	0	0	65	14	0	0	0	0	2	0	0
fsh-generated/resources/Library-IMMZD18SMeningococcalMenA1Logic.json	1245	3	0	0	1	0	0	0	0	10	0	0	0	0	0	0	0	0	0	0	74	15	0	0	0	0	2	0	0
fsh-generated/resources/Library-IMMZD18SMeningococcalMenA2Logic.json	1245	2	0	0	0	0	0	0	1	12	0	0	0	0	0	0	0	0	0	0	110	18	0	0	0	0	4	0	0
fsh-generated/resources/Library-IMMZD18SMeningococcalMenCLogic.json	1244	3	0	0	0	0	0	0	0	14	0	0	0	0	0	0	0	0	0	0	152	20	0	0	0	0	4	0	0
fsh-generated/resources/Library-IMMZD18SMeningococcalPolyLogic.json	1234	3	0	0	0	0	0	0	0	11	0	0	0	0	0	0	0	0	0	0	108	18	0	0	0	0	3	0	0
fsh-generated/resources/Library-IMMZD18SMeningococcalQuad1Logic.json	1254	3	0	0	1	0	0	0	1	10	0	0	0	0	0	0	0	0	0	0	70	15	0	0	0	0	2	0	0
fsh-generated/resources/Library-IMMZD18SMeningococcalQuad2Logic.json	1254	3	0	0	0	0	0	0	0	17	0	0	0	0	0	0	0	1	0	0	117	18	0	0	0	0	4	0	0
fsh-generated/resources/Library-IMMZD18SMumps2DoseLogic.json	1167	2	0	0	0	0	0	0	0	19	0	0	0	0	0	0	0	0	0	0	117	18	0	0	0	0	4	0	0
fsh-generated/resources/Library-IMMZD18SPneumococcal2p1bLogic.json	1230	3	0	0	0	0	0	0	1	15	0	0	0	0	0	0	0	0	0	0	283	27	0	0	0	0	8	0	0
fsh-generated/resources/Library-IMMZD18SPneumococcal3p0bLogic.json	1212	3	0	0	1	0	0	0	0	16	0	0	0	0	0	0	0	0	0	0	314	31	0	0	0	0	9	0	0
fsh-generated/resources/Library-IMMZD18SPolioBirthLogic.json	1178	3	0	0	0	0	0	0	0	11	0	0	0	0	0	0	0	0	0	0	81	16	0	0	0	0	3	0	0
fsh-generated/resources/Library-IMMZD18SPolioIPVLogic.json	1166	2	0	0	0	0	0	0	1	14	0	0	0	0	0	0	0	0	0	0	171	22	0	0	0	0	5	0	0
fsh-generated/resources/Library-IMMZD18SPolioSequentialLogic.json	1214	3	0	0	1	0	0	0	0	14	0	0	0	0	0	0	0	0	0	0	163	22	0	0	0	0	6	0	1
fsh-generated/resources/Library-IMMZD18SPoliobOPVIPVLogic.json	1191	3	0	0	0	0	0	0	1	15	0	0	0	0	0	0	0	0	0	0	297	30	0	0	0	0	8	0	0
fsh-generated/resources/Library-IMMZD18SRabiesPrEPLogic.json	1168	3	0	0	0	0	0	0	0	12	0	0	0	0	0	0	0	0	0	0	94	16	0	0	0	0	3	0	0
fsh-generated/resources/Library-IMMZD18SRotavirusLogic.json	1166	2	0	0	0	0	0	0	0	13	0	0	0	0	0	0	0	0	0	0	175	36	0	0	0	0	8	0	0
fsh-generated/resources/Library-IMMZD18SRubellaHighLogic.json	1189	3	0	0	1	0	0	0	1	10	0	0	0	0	0	0	0	0	0	0	71	17	0	0	0	0	2	0	0
fsh-generated/resources/Library-IMMZD18SRubellaLowLogic.json	1183	3	0	0	0	0	0	0	0	10	0	0	0	0	0	0	0	0	0	0	73	14	0	0	0	0	2	0	0
fsh-generated/resources/Library-IMMZD18SSeasonalinfluenza2DoseLogic.json	1240	3	0	0	0	0	0	0	0	10	0	0	0	0	0	0	0	0	0	0	151	21	0	0	0	0	5	0	0
fsh-generated/resources/Library-IMMZD18STBEEnceVirLogic.json	1173	2	0	0	0	0	0	0	0	12	0	0	0	0	0	0	0	0	0	0	168	22	0	0	0	0	5	0	0
fsh-generated/resources/Library-IMMZD18STBEEncepurLogic.json	1173	3	0	0	1	0	0	0	1	14	0	0	0	0	0	0	0	1	0	0	181	24	0	0	0	0	6	0	0
fsh-generated/resources/Library-IMMZD18STBEFSMELogic.json	1161	5	0	0	0	0	0	0	0	8	0	0	0	0	0	0	0	0	0	0	184	25	0	0	0	0	5	0	0
fsh-generated/resources/Library-IMMZD18STBEMoscowLogic.json	1171	6	0	0	0	0	0	0	1	9	0	0	0	0	0	0	0	0	0	0	169	23	0	0	0	0	5	0	0
fsh-generated/resources/Library-IMMZD18STyphoidTCVLogic.json	1173	5	0	0	0	0	0	0	0	8	0	0	0	0	0	0	0	0	0	0	76	15	0	0	0	0	3	0	0
fsh-generated/resources/Library-IMMZD18STyphoidTy21aLogic.json	1185	5	0	0	1	0	0	0	0	8	0	0	0	0	0	0	0	0	0	0	114	19	0	0	0	0	3	0	0
fsh-generated/resources/Library-IMMZD18STyphoidVIPSLogic.json	1179	3	0	0	0	0	0	0	0	8	0	0	0	0	0	0	0	0	0	0	99	17	0	0	0	0	3	0	0
fsh-generated/resources/Library-IMMZD18SVaricella1DoseLogic.json	1198	3	0	0	0	0	0	0	1	8	0	0	0	0	0	0	0	0	0	0	78	15	0	0	0	0	3	0	0
fsh-generated/resources/Library-IMMZD18SVaricella2DoseLogic.json	1198	3	0	0	0	0	0	0	0	9	0	0	0	0	0	0	0	0	0	0	114	18	0	0	0	0	3	0	0
fsh-generated/resources/Library-IMMZD18SYellowfeverLogic.json	1179	3	0	0	1	0	0	0	0	10	0	0	0	0	0	0	0	0	0	0	77	15	0	0	0	0	2	0	0
fsh-generated/resources/Library-IMMZD2DTBCGElements.json	1134	3	0	0	0	0	0	0	0	13	0	0	0	0	0	0	0	0	0	0	101	18	0	0	0	0	3	0	0
fsh-generated/resources/Library-IMMZD2DTBCGEncounterElements.json	1175	2	0	0	0	0	0	0	1	13	0	0	0	0	0	0	0	0	0	0	101	18	0	0	0	0	2	0	0
fsh-generated/resources/Library-IMMZD2DTBCGLogic.json	1130	4	0	0	0	0	0	0	0	19	0	0	0	0	0	0	0	0	0	0	556	50	0	0	0	0	19	0	0
fsh-generated/resources/Library-IMMZD2DTCholeraElements.json	1158	3	0	0	1	0	0	0	1	18	0	0	0	0	0	0	0	0	0	0	267	32	0	0	0	0	9	0	0
fsh-generated/resources/Library-IMMZD2DTCholeraEncounterElements.json	1199	3	0	0	0	0	0	0	0	17	0	0	0	0	0	0	0	1	0	0	266	32	0	0	0	0	9	0	1
fsh-generated/resources/Library-IMMZD2DTCholeraWCLogic.json	1176	3	0	0	0	0	0	0	1	15	0	0	0	0	0	0	0	0	0	0	259	33	0	0	0	0	7	0	0
fsh-generated/resources/Library-IMMZD2DTCholerarBS2to5Logic.json	1212	2	0	0	1	0	0	0	0	14	0	0	0	0	0	0	0	0	0	0	228	27	0	0	0	0	7	0	0
fsh-generated/resources/Library-IMMZD2DTCholerarBSover5Logic.json	1217	3	0	0	0	0	0	0	1	12	0	0	0	0	0	0	0	0	0	0	149	19	0	0	0	0	5	0	0
fsh-generated/resources/Library-IMMZD2DTDTPDelayedLogic.json	1195	3	0	0	0	0	0	0	0	18	0	0	0	0	0	0	0	0	0	0	408	40	0	0	0	0	12	0	0
fsh-generated/resources/Library-IMMZD2DTDTPElements.json	1134	3	0	0	0	0	0	0	1	20	0	0	0	0	0	0	0	0	0	0	279	31	0	0	0	0	7	0	0
fsh-generated/resources/Library-IMMZD2DTDTPEncounterElements.json	1175	3	0	0	1	0	0	0	0	19	0	0	0	0	0	0	0	0	0	0	282	33	0	0	0	0	8	0	0
fsh-generated/resources/Library-IMMZD2DTDTPOnTimeLogic.json	1174	3	0	0	0	0	0	0	1	22	0	0	0	0	0	0	0	0	0	0	472	44	0	0	0	0	14	0	0
fsh-generated/resources/Library-IMMZD2DTDTPPregnant3Logic.json	1207	3	0	0	0	0	0	0	0	12	0	0	0	0	0	0	0	0	0	0	167	23	0	0	0	0	5	0	0
fsh-generated/resources/Library-IMMZD2DTDTPPregnant4Logic.json	1207	2	0	0	0	0	0	0	0	11	0	0	0	0	0	0	0	0	0	0	122	19	0	0	0	0	4	0	0
fsh-generated/resources/Library-IMMZD2DTDTPPregnantLogic.json	1180	3	0	0	1	0	0	0	1	12	0	0	0	0	0	0	0	0	0	0	136	20	0	0	0	0	4	0	0
fsh-generated/resources/Library-IMMZD2DTDengueElements.json	1152	3	0	0	0	0	0	0	0	12	0	0	0	0	0	0	0	0	0	0	128	19	0	0	0	0	3	0	0
fsh-generated/resources/Library-IMMZD2DTDengueEncounterElements.json	1193	3	0	0	0	0	0	0	0	12	0	0	0	0	0	0	0	0	0	0	130	20	0	0	1	0	4	0	0
fsh-generated/resources/Library-IMMZD2DTDengueNoScreenLogic.json	1230	2	0	0	0	0	0	0	1	11	0	0	0	0	0	0	0	1	0	0	171	21	0	0	0	0	5	0	0
fsh-generated/resources/Library-IMMZD2DTDengueSeroposLogic.json	1222	3	0	0	1	0	0	0	0	12	0	0	0	0	0	0	0	0	0	0	196	23	0	0	0	0	6	0	0
fsh-generated/resources/Library-IMMZD2DTHPV2DoseLogic.json	1163	3	0	0	0	0	0	0	0	13	0	0	0	0	0	0	0	0	0	0	243	35	0	0	0	0	7	0	0
fsh-generated/resources/Library-IMMZD2DTHPVAltLogic.json	1157	2	0	0	0	0	0	0	1	13	0	0	0	0	0	0	0	0	0	0	258	26	0	0	0	0	8	0	0
fsh-generated/resources/Library-IMMZD2DTHPVElements.json	1134	3	0	0	0	0	0	0	0	13	0	0	0	0	0	0	0	0	0	0	112	18	0	0	0	0	3	0	0
fsh-generated/resources/Library-IMMZD2DTHPVEncounterElements.json	1175	3	0	0	1	0	0	0	0	13	0	0	0	0	0	0	0	0	0	0	117	19	0	0	0	0	4	0	0
fsh-generated/resources/Library-IMMZD2DTHepatitisAElements.json	1177	3	0	0	0	0	0	0	1	12	0	0	0	0	0	0	0	0	0	0	97	18	0	0	0	0	2	0	0
fsh-generated/resources/Library-IMMZD2DTHepatitisAEncounterElements.json	1218	2	0	0	0	0	0	0	0	12	0	0	0	0	0	0	0	0	0	0	101	18	0	0	0	0	3	0	0
fsh-generated/resources/Library-IMMZD2DTHepatitisAIHAV1Logic.json	1221	3	0	0	1	0	0	0	0	10	0	0	0	0	0	0	0	0	0	0	82	15	0	0	0	0	2	0	0
fsh-generated/resources/Library-IMMZD2DTHepatitisAIHAV2Logic.json	1222	3	0	0	0	0	0	0	0	11	0	0	0	0	0	0	0	0	0	0	122	17	0	0	0	0	4	0	1
fsh-generated/resources/Library-IMMZD2DTHepatitisALHAV1Logic.json	1225	2	0	0	0	0	0	0	0	10	0	0	0	0	0	0	0	0	0	0	106	17	0	0	0	0	3	0	0
fsh-generated/resources/Library-IMMZD2DTHepatitisB3DelayedLogic.json	1227	3	0	0	0	0	0	0	1	11	0	0	0	0	0	0	0	0	0	0	198	20	0	0	0	0	5	0	0
fsh-generated/resources/Library-IMMZD2DTHepatitisB3DoseLogic.json	1206	3	0	0	1	0	0	0	0	11	0	0	0	0	0	0	0	0	0	0	222	24	0	0	0	0	6	0	0
fsh-generated/resources/Library-IMMZD2DTHepatitisB4DoseLogic.json	1206	3	0	0	0	0	0	0	0	11	0	0	0	0	0	0	0	0	0	0	155	20	0	0	0	0	5	0	0
fsh-generated/resources/Library-IMMZD2DTHepatitisBBirthLogic.json	1209	2	0	0	0	0	0	0	0	8	0	0	0	0	0	0	0	0	0	0	80	15	0	0	0	0	2	0	0
fsh-generated/resources/Library-IMMZD2DTHepatitisBElements.json	1177	3	0	0	0	0	0	0	1	9	0	0	0	0	0	0	0	1	0	0	153	22	0	0	0	0	4	0	0
fsh-generated/resources/Library-IMMZD2DTHepatitisBEncounterElements.json	1218	3	0	0	1	0	0	0	0	11	0	0	0	0	0	0	0	0	0	0	156	22	0	0	0	0	5	0	0
fsh-generated/resources/Library-IMMZD2DTHib2p1bLogic.json	1176	2	0	0	0	0	0	0	1	12	0	0	0	0	0	0	0	0	0	0	206	23	0	0	0	0	9	0	0
fsh-generated/resources/Library-IMMZD2DTHib3p1bLogic.json	1176	3	0	0	0	0	0	0	0	12	0	0	0	0	0	0	0	0	0	0	239	25	0	0	0	0	7	0	0
fsh-generated/resources/Library-IMMZD2DTHib3pLogic.json	1148	3	0	0	0	0	0	0	0	11	0	0	0	0	0	0	0	0	0	0	198	22	0	0	0	0	7	0	0
fsh-generated/resources/Library-IMMZD2DTHibElements.json	1134	3	0	0	1	0	0	0	1	13	0	0	0	0	0	0	0	0	0	0	153	21	0	0	0	0	4	0	0
fsh-generated/resources/Library-IMMZD2DTHibEncounterElements.json	1175	2	0	0	0	0	0	0	0	8	0	0	0	0	0	0	0	0	0	0	156	22	0	0	0	0	4	0	0
fsh-generated/resources/Library-IMMZD2DTJEElements.json	1128	3	0	0	0	0	0	0	1	7	0	0	0	0	0	0	0	0	0	0	118	26	0	0	0	0	3	0	0
fsh-generated/resources/Library-IMMZD2DTJEEncounterElements.json	1169	3	0	0	0	0	0	0	0	9	0	0	0	0	0	0	0	0	0	0	122	20	0	0	0	0	4	0	0
fsh-generated/resources/Library-IMMZD2DTJEIVLogic.json	1172	3	0	0	1	0	0	0	0	10	0	0	0	0	0	0	0	0	0	0	119	17	0	0	0	0	3	0	0
fsh-generated/resources/Library-IMMZD2DTJELALogic.json	1158	2	0	0	0	0	0	0	0	10	0	0	0	0	0	0	0	0	0	0	103	17	0	0	0	0	3	0	0
fsh-generated/resources/Library-IMMZD2DTJELRLogic.json	1159	3	0	0	0	0	0	0	1	11	0	0	0	0	0	0	0	0	0	0	103	16	0	0	0	0	3	0	0
fsh-generated/resources/Library-IMMZD2DTMalaria4DoseLogic.json	1179	3	0	0	0	0	0	0	0	11	0	0	0	0	0	0	0	0	0	0	186	22	0	0	0	0	5	0	0
fsh-generated/resources/Library-IMMZD2DTMalariaElements.json	1158	2	0	0	3	0	0	0	0	11	0	0	0	0	0	0	0	0	0	0	92	27	0	0	0	0	3	0	0
fsh-generated/resources/Library-IMMZD2DTMalariaEncounterElements.json	1199	3	0	0	0	0	0	0	0	11	0	0	0	0	0	0	0	0	0	0	96	19	0	0	0	0	2	0	0
fsh-generated/resources/Library-IMMZD2DTMeaslesDose0Logic.json	1190	3	0	0	0	0	0	0	1	10	0	0	0	0	0	0	0	1	0	0	114	17	0	0	0	0	4	0	0
fsh-generated/resources/Library-IMMZD2DTMeaslesElements.json	1158	2	0	0	0	0	0	0	0	7	0	0	0	0	0	0	0	0	0	0	133	20	0	0	0	0	3	0	0
fsh-generated/resources/Library-IMMZD2DTMeaslesEncounterElements.json	1199	3	0	0	1	0	0	0	0	8	0	0	0	0	0	0	0	0	0	0	143	21	0	0	0	0	5	0	1
fsh-generated/resources/Library-IMMZD2DTMeaslesLowTxLogic.json	1196	3	0	0	0	0	0	0	1	7	0	0	0	0	0	0	0	0	0	0	155	20	0	0	0	0	4	0	0
fsh-generated/resources/Library-IMMZD2DTMeaslesOngoingTxLogic.json	1220	3	0	0	0	0	0	0	0	6	0	0	0	0	0	0	0	0	0	0	154	20	0	0	0	0	5	0	0
fsh-generated/resources/Library-IMMZD2DTMeaslesSupplementaryLogic.json	1238	2	0	0	0	0	0	0	0	6	0	0	0	0	0	0	0	0	0	0	103	16	0	0	0	0	3	0	0
fsh-generated/resources/Library-IMMZD2DTMeningococcalElements.json	1194	3	0	0	1	0	0	0	1	9	0	0	0	0	0	0	0	0	0	0	205	26	0	0	0	0	6	0	0
fsh-generated/resources/Library-IMMZD2DTMeningococcalEncounterElements.json	1235	3	0	0	0	0	0	0	0	12	0	0	0	0	0	0	0	0	0	0	207	25	0	0	0	0	11	0	0
fsh-generated/resources/Library-IMMZD2DTMeningococcalMenA1Logic.json	1245	2	0	0	0	0	0	0	0	10	0	0	0	0	0	0	0	0	0	0	82	16	0	0	0	0	2	0	0
fsh-generated/resources/Library-IMMZD2DTMeningococcalMenA2Logic.json	1246	3	0	0	0	0	0	0	1	11	0	0	0	0	0	0	0	0	0	0	123	19	0	0	0	0	4	0	0
fsh-generated/resources/Library-IMMZD2DTMeningococcalMenCLogic.json	1245	3	0	0	1	0	0	0	0	12	0	0	0	0	0	0	0	0	0	0	188	22	0	0	0	0	5	0	0
fsh-generated/resources/Library-IMMZD2DTMeningococcalPolyLogic.json	1234	3	0	0	0	0	0	0	0	10	0	0	0	0	0	0	0	0	0	0	127	18	0	0	0	0	4	0	0
fsh-generated/resources/Library-IMMZD2DTMeningococcalQuad1Logic.json	1254	2	0	0	0	0	0	0	0	9	0	0	0	0	0	0	0	0	0	0	115	15	0	0	0	0	2	0	0
fsh-generated/resources/Library-IMMZD2DTMeningococcalQuad2Logic.json	1255	3	0	0	1	0	0	0	1	7	0	0	0	0	0	0	0	0	0	0	149	20	0	0	0	0	5	0	0
fsh-generated/resources/Library-IMMZD2DTMumps2DoseLogic.json	1167	3	0	0	0	0	0	0	0	7	0	0	0	0	0	0	0	0	0	0	160	20	0	0	0	0	5	0	0
fsh-generated/resources/Library-IMMZD2DTMumpsElements.json	1146	2	0	0	0	0	0	0	0	8	0	0	0	0	0	0	0	0	0	0	95	16	0	0	0	0	2	0	0
fsh-generated/resources/Library-IMMZD2DTMumpsEncounterElements.json	1187	3	0	0	0	0	0	0	0	9	0	0	0	0	0	0	0	0	0	0	90	17	0	0	0	0	2	0	0
fsh-generated/resources/Library-IMMZD2DTPneumococcal2p1bLogic.json	1230	3	0	0	1	0	0	0	1	13	0	0	0	0	0	0	0	0	0	0	395	42	0	0	0	0	12	0	0
fsh-generated/resources/Library-IMMZD2DTPneumococcal3p0bLogic.json	1212	3	0	0	0	0	0	0	0	12	0	0	0	0	0	0	0	0	0	0	524	48	0	0	0	0	17	0	0
fsh-generated/resources/Library-IMMZD2DTPneumococcalElements.json	1188	3	0	0	0	0	0	0	1	10	0	0	0	0	0	0	0	1	0	0	210	29	0	0	0	0	5	0	0
fsh-generated/resources/Library-IMMZD2DTPneumococcalEncounterElements.json	1229	2	0	0	1	0	0	0	0	10	0	0	0	0	0	0	0	0	0	0	213	30	0	0	0	0	6	0	0
fsh-generated/resources/Library-IMMZD2DTPolioBirthLogic.json	1178	3	0	0	0	0	0	0	1	6	0	0	0	0	0	0	0	0	0	0	86	18	0	0	0	0	3	0	0
fsh-generated/resources/Library-IMMZD2DTPolioElements.json	1146	3	0	0	0	0	0	0	0	10	0	0	0	0	0	0	0	0	0	0	270	37	0	0	0	0	8	0	0
fsh-generated/resources/Library-IMMZD2DTPolioEncounterElements.json	1187	3	0	0	0	0	0	0	1	10	0	0	0	0	0	0	0	0	0	0	273	36	0	0	0	0	8	0	1
fsh-generated/resources/Library-IMMZD2DTPolioIPVLogic.json	1166	2	0	0	1	0	0	0	0	8	0	0	0	0	0	0	0	0	0	0	219	31	0	0	0	0	6	0	0
fsh-generated/resources/Library-IMMZD2DTPolioSequentialLogic.json	1214	3	0	0	0	0	0	0	1	7	0	0	0	0	0	0	0	0	0	0	174	26	0	0	0	0	5	0	0
fsh-generated/resources/Library-IMMZD2DTPoliobOPVIPVLogic.json	1191	3	0	0	0	0	0	0	0	10	0	0	0	0	0	0	0	0	0	0	639	61	0	0	0	0	26	0	0
fsh-generated/resources/Library-IMMZD2DTRabiesElements.json	1152	3	0	0	0	0	0	0	0	6	0	0	0	0	0	0	0	0	0	0	68	15	0	0	0	0	2	0	0
fsh-generated/resources/Library-IMMZD2DTRabiesEncounterElements.json	1193	2	0	0	1	0	0	0	1	6	0	0	0	0	0	0	0	0	0	0	72	15	0	0	0	0	1	0	0
fsh-generated/resources/Library-IMMZD2DTRabiesPrEPLogic.json	1168	3	0	0	0	0	0	0	0	6	0	0	0	0	0	0	0	0	0	0	99	17	0	0	0	0	3	0	0
fsh-generated/resources/Library-IMMZD2DTRotavirusElements.json	1170	3	0	0	0	0	0	0	0	7	0	0	0	0	0	0	0	0	0	0	120	19	0	0	0	0	4	0	0
fsh-generated/resources/Library-IMMZD2DTRotavirusEncounterElements.json	1211	2	0	0	1	0	0	0	1	7	0	0	0	0	0	0	0	0	0	0	121	19	0	0	0	0	3	0	0
fsh-generated/resources/Library-IMMZD2DTRotavirusLogic.json	1166	3	0	0	0	0	0	0	0	8	0	0	0	0	0	0	0	0	0	0	274	28	0	0	0	0	9	0	0
fsh-generated/resources/Library-IMMZD2DTRubellaElements.json	1158	3	0	0	0	0	0	0	0	6	0	0	0	0	0	0	0	0	0	0	104	16	0	0	0	0	2	0	0
fsh-generated/resources/Library-IMMZD2DTRubellaEncounterElements.json	1199	3	0	0	0	0	0	0	0	6	0	0	0	0	0	0	0	0	0	0	80	16	0	0	0	0	2	0	0
fsh-generated/resources/Library-IMMZD2DTRubellaHighLogic.json	1189	2	0	0	1	0	0	0	1	6	0	0	0	0	0	0	0	0	0	0	103	16	0	0	0	0	3	0	0
fsh-generated/resources/Library-IMMZD2DTRubellaLowLogic.json	1183	3	0	0	0	0	0	0	0	6	0	0	0	0	0	0	0	0	0	0	103	21	0	0	0	0	3	0	0
fsh-generated/resources/Library-IMMZD2DTSeasonalinfluenza2DoseLogic.json	1240	3	0	0	0	0	0	0	0	6	0	0	0	0	0	0	0	0	0	0	201	22	0	0	0	0	6	0	0
fsh-generated/resources/Library-IMMZD2DTSeasonalinfluenzaElements.json	1219	2	0	0	0	0	0	0	1	7	0	0	0	0	0	0	0	0	0	0	98	20	0	0	0	0	2	0	0
fsh-generated/resources/Library-IMMZD2DTSeasonalinfluenzaEncounterElements.json	1260	3	0	0	1	0	0	0	0	6	0	0	0	0	0	0	0	0	0	0	101	18	0	0	0	0	3	0	0
fsh-generated/resources/Library-IMMZD2DTTBEElements.json	1134	3	0	0	0	0	0	0	0	7	0	0	0	0	0	0	0	0	0	0	168	23	0	0	0	0	4	0	0
fsh-generated/resources/Library-IMMZD2DTTBEEnceVirLogic.json	1173	3	0	0	0	0	0	0	0	7	0	0	0	0	0	0	0	0	0	0	172	28	0	0	0	0	5	0	0
fsh-generated/resources/Library-IMMZD2DTTBEEncepurLogic.json	1174	2	0	0	1	0	0	0	1	56	0	0	0	0	0	0	0	0	0	0	188	22	0	0	0	0	6	0	0
fsh-generated/resources/Library-IMMZD2DTTBEEncounterElements.json	1175	3	0	0	0	0	0	0	0	9	0	0	0	0	0	0	0	1	0	0	170	23	0	0	0	0	5	0	0
fsh-generated/resources/Library-IMMZD2DTTBEFSMELogic.json	1161	3	0	0	0	0	0	0	0	8	0	0	0	0	0	0	0	0	0	0	188	22	0	0	0	0	5	0	0
fsh-generated/resources/Library-IMMZD2DTTBEMoscowLogic.json	1171	2	0	0	0	0	0	0	1	6	0	0	0	0	0	0	0	0	0	0	170	20	0	0	0	0	5	0	0
fsh-generated/resources/Library-IMMZD2DTTyphoidElements.json	1158	3	0	0	1	0	0	0	0	7	0	0	0	0	0	0	0	0	0	0	118	19	0	0	0	0	4	0	0
fsh-generated/resources/Library-IMMZD2DTTyphoidEncounterElements.json	1199	3	0	0	0	0	0	0	0	7	0	0	0	0	0	0	0	0	0	0	122	19	0	0	0	0	3	0	1
fsh-generated/resources/Library-IMMZD2DTTyphoidTCVLogic.json	1173	3	0	0	0	0	0	0	1	6	0	0	0	0	0	0	0	0	0	0	95	16	0	0	0	0	3	0	0
fsh-generated/resources/Library-IMMZD2DTTyphoidTy21aLogic.json	1185	2	0	0	1	0	0	0	0	7	0	0	0	0	0	0	0	0	0	0	155	19	0	0	0	0	5	0	0
fsh-generated/resources/Library-IMMZD2DTTyphoidVIPSLogic.json	1179	3	0	0	0	0	0	0	0	5	0	0	0	0	0	0	0	0	0	0	100	16	0	0	0	0	3	0	0
fsh-generated/resources/Library-IMMZD2DTVaricella1DoseLogic.json	1198	3	0	0	0	0	0	0	0	6	0	0	0	0	0	0	0	0	0	0	105	17	0	0	0	0	3	0	0
fsh-generated/resources/Library-IMMZD2DTVaricella2DoseLogic.json	1199	2	0	0	0	0	0	0	0	6	0	0	0	0	0	0	0	0	0	0	161	19	0	0	0	0	5	0	0
fsh-generated/resources/Library-IMMZD2DTVaricellaElements.json	1170	3	0	0	1	0	0	0	1	7	0	0	0	0	0	0	0	0	0	0	86	16	0	0	0	0	2	0	0
fsh-generated/resources/Library-IMMZD2DTVaricellaEncounterElements.json	1211	3	0	0	0	0	0	0	0	6	0	0	0	0	0	0	0	0	0	0	90	17	0	0	0	0	3	0	0
fsh-generated/resources/Library-IMMZD2DTYellowfeverElements.json	1183	3	0	0	0	0	0	0	0	5	0	0	0	0	0	0	0	0	0	0	61	14	0	0	0	0	1	0	0
fsh-generated/resources/Library-IMMZD2DTYellowfeverEncounterElements.json	1224	2	0	0	0	0	0	0	0	6	0	0	0	0	0	0	0	0	0	0	65	15	0	0	0	0	2	0	0
fsh-generated/resources/Library-IMMZD2DTYellowfeverLogic.json	1179	3	0	0	1	0	0	0	1	6	0	0	0	0	0	0	0	0	0	0	106	16	0	0	0	0	3	0	0
fsh-generated/resources/Library-IMMZD5DTBCGCILogic.json	1158	3	0	0	0	0	0	0	0	9	0	0	0	0	0	0	0	0	0	0	124	18	0	0	0	0	3	0	0
fsh-generated/resources/Library-IMMZD5DTBCGElements.json	1134	2	0	0	0	0	0	0	0	10	0	0	0	0	0	0	0	0	0	0	51	14	0	0	0	0	1	0	0
fsh-generated/resources/Library-IMMZD5DTBCGEncounterElements.json	1175	3	0	0	0	0	0	0	0	9	0	0	0	0	0	0	0	0	0	0	58	14	0	0	0	0	2	0	0
fsh-generated/resources/Library-IMMZD5DTDTPCILogic.json	1158	3	0	0	1	0	0	0	0	10	0	0	0	0	0	0	0	0	0	0	71	14	0	0	0	0	2	0	0
fsh-generated/resources/Library-IMMZD5DTDTPElements.json	1134	2	0	0	0	0	0	0	1	9	0	0	0	0	0	0	0	0	0	0	40	12	0	0	0	0	1	0	0
fsh-generated/resources/Library-IMMZD5DTDTPEncounterElements.json	1175	3	0	0	0	0	0	0	0	9	0	0	0	0	0	0	0	0	0	0	45	12	0	0	0	0	0	0	0
fsh-generated/resources/Library-IMMZD5DTDengueCILogic.json	1176	3	0	0	0	0	0	0	0	9	0	0	0	0	0	0	0	0	0	0	172	21	0	0	0	0	5	0	0
fsh-generated/resources/Library-IMMZD5DTDengueElements.json	1152	3	0	0	0	0	0	0	0	6	0	0	0	0	0	0	0	0	0	0	61	13	0	0	0	0	2	0	0
fsh-generated/resources/Library-IMMZD5DTDengueEncounterElements.json	1193	2	0	0	1	0	0	0	1	5	0	0	0	0	0	0	0	0	0	0	66	15	0	0	0	0	1	0	0
fsh-generated/resources/Library-IMMZD5DTHPVCILogic.json	1158	3	0	0	0	0	0	0	0	8	0	0	0	0	0	0	0	0	0	0	68	14	0	0	0	0	2	0	0
fsh-generated/resources/Library-IMMZD5DTHPVElements.json	1134	3	0	0	0	0	0	0	0	9	0	0	0	0	0	0	0	0	0	0	41	12	0	0	0	0	1	0	0
fsh-generated/resources/Library-IMMZD5DTHPVEncounterElements.json	1175	2	0	0	0	0	0	0	0	9	0	0	0	0	0	0	0	0	0	0	43	13	0	0	0	0	1	0	0
fsh-generated/resources/Library-IMMZD5DTHepatitisACILogic.json	1201	3	0	0	0	0	0	0	0	10	0	0	0	0	0	0	0	0	0	0	95	15	0	0	0	0	2	0	0
fsh-generated/resources/Library-IMMZD5DTHepatitisAElements.json	1177	3	0	0	1	0	0	0	0	9	0	0	0	0	0	0	0	0	0	0	45	13	0	0	0	0	1	0	0
fsh-generated/resources/Library-IMMZD5DTHepatitisAEncounterElements.json	1218	3	0	0	0	0	0	0	1	9	0	0	0	0	0	0	0	0	0	0	48	12	0	0	0	0	1	0	0
fsh-generated/resources/Library-IMMZD5DTHepatitisBCILogic.json	1201	2	0	0	0	0	0	0	0	9	0	0	0	0	0	0	0	0	0	0	54	13	0	0	0	0	2	0	0
fsh-generated/resources/Library-IMMZD5DTHepatitisBElements.json	1177	3	0	0	0	0	0	0	0	8	0	0	0	0	0	0	0	0	0	0	38	12	0	0	0	0	0	0	0
fsh-generated/resources/Library-IMMZD5DTHepatitisBEncounterElements.json	1218	3	0	0	0	0	0	0	0	5	0	0	0	0	0	0	0	0	0	0	41	12	0	0	0	0	1	0	0
fsh-generated/resources/Library-IMMZD5DTHibCILogic.json	1158	3	0	0	0	0	0	0	0	5	0	0	0	0	0	0	0	0	0	0	52	13	0	0	0	0	2	0	0
fsh-generated/resources/Library-IMMZD5DTHibElements.json	1134	2	0	0	1	0	0	0	0	5	0	0	0	0	0	0	0	1	0	0	32	12	0	0	0	0	0	0	0
fsh-generated/resources/Library-IMMZD5DTHibEncounterElements.json	1175	3	0	0	0	0	0	0	0	5	0	0	0	0	0	0	0	0	0	0	36	12	0	0	0	0	1	0	1
fsh-generated/resources/Library-IMMZD5DTJECILogic.json	1152	3	0	0	0	0	0	0	1	5	0	0	0	0	0	0	0	0	0	0	71	15	0	0	0	0	2	0	0
fsh-generated/resources/Library-IMMZD5DTJEElements.json	1128	3	0	0	0	0	0	0	0	5	0	0	0	0	0	0	0	0	0	0	40	12	0	0	0	0	0	0	0
fsh-generated/resources/Library-IMMZD5DTJEEncounterElements.json	1169	2	0	0	0	0	0	0	0	5	0	0	0	0	0	0	0	0	0	0	43	13	0	0	0	0	1	0	0
fsh-generated/resources/Library-IMMZD5DTMalariaCILogic.json	1182	3	0	0	1	0	0	0	0	5	0	0	0	0	0	0	0	0	0	0	55	13	0	0	0	0	2	0	0
fsh-generated/resources/Library-IMMZD5DTMalariaElements.json	1158	3	0	0	0	0	0	0	0	6	0	0	0	0	0	0	0	0	0	0	38	12	0	0	0	0	0	0	0
fsh-generated/resources/Library-IMMZD5DTMalariaEncounterElements.json	1199	2	0	0	0	0	0	0	0	8	0	0	0	0	0	0	0	0	0	0	41	13	0	0	0	0	2	0	0
fsh-generated/resources/Library-IMMZD5DTMeaslesCILogic.json	1149	3	0	0	0	0	0	0	1	11	0	0	0	0	0	0	0	0	0	0	153	18	0	0	0	0	4	0	0
fsh-generated/resources/Library-IMMZD5DTMeaslesElements.json	1158	3	0	0	0	0	0	0	0	8	0	0	0	0	0	0	0	0	0	0	49	13	0	0	0	0	1	0	0
fsh-generated/resources/Library-IMMZD5DTMeaslesEncounterElements.json	1199	3	0	0	0	0	0	0	0	10	0	0	0	0	0	0	0	0	0	0	52	13	0	0	0	0	1	0	0
fsh-generated/resources/Library-IMMZD5DTMeningococcalCILogic.json	1218	2	0	0	1	0	0	0	1	8	0	0	0	0	0	0	0	0	0	0	56	17	0	0	0	0	1	0	0
fsh-generated/resources/Library-IMMZD5DTMeningococcalElements.json	1194	3	0	0	0	0	0	0	0	9	0	0	0	0	0	0	0	0	0	0	38	13	0	0	0	0	1	0	0
fsh-generated/resources/Library-IMMZD5DTMeningococcalEncounterElements.json	1235	3	0	0	0	0	0	0	0	8	0	0	0	0	0	0	0	0	0	0	43	12	0	0	0	0	1	0	0
fsh-generated/resources/Library-IMMZD5DTMumpsCILogic.json	1170	3	0	0	0	0	0	0	0	12	0	0	0	0	0	0	0	0	0	0	101	22	0	0	0	0	3	0	0
fsh-generated/resources/Library-IMMZD5DTMumpsElements.json	1146	2	0	0	0	0	0	0	0	9	0	0	0	0	0	0	0	0	0	0	48	13	0	0	0	0	1	0	0
fsh-generated/resources/Library-IMMZD5DTMumpsEncounterElements.json	1187	3	0	0	1	0	0	0	1	9	0	0	0	0	0	0	0	0	0	0	50	13	0	0	0	0	1	0	0
fsh-generated/resources/Library-IMMZD5DTPneumococcalCILogic.json	1212	3	0	0	0	0	0	0	0	10	0	0	0	0	0	0	0	0	0	0	70	14	0	0	0	0	2	0	0
fsh-generated/resources/Library-IMMZD5DTPneumococcalElements.json	1188	3	0	0	0	0	0	0	0	8	0	0	0	0	0	0	0	0	0	0	35	11	0	0	0	0	0	0	0
fsh-generated/resources/Library-IMMZD5DTPneumococcalEncounterElements.json	1229	3	0	0	0	0	0	0	0	8	0	0	0	0	0	0	0	0	0	0	39	12	0	0	0	0	1	0	0
fsh-generated/resources/Library-IMMZD5DTPolioCILogic.json	1170	2	0	0	0	0	0	0	0	6	0	0	0	0	0	0	0	0	0	0	93	16	0	0	0	0	3	0	0
fsh-generated/resources/Library-IMMZD5DTPolioElements.json	1146	3	0	0	0	0	0	0	0	5	0	0	0	0	0	0	0	0	0	0	43	15	0	0	0	0	1	0	0
fsh-generated/resources/Library-IMMZD5DTPolioEncounterElements.json	1187	3	0	0	1	0	0	0	1	5	0	0	0	0	0	0	0	0	0	0	46	12	0	0	0	0	1	0	0
fsh-generated/resources/Library-IMMZD5DTRabiesCILogic.json	1176	2	0	0	0	0	0	0	0	5	0	0	0	0	0	0	0	0	0	0	54	13	0	0	0	0	1	0	0
fsh-generated/resources/Library-IMMZD5DTRabiesElements.json	1152	3	0	0	0	0	0	0	0	5	0	0	0	0	0	0	0	0	0	0	38	12	0	0	0	0	1	0	0
fsh-generated/resources/Library-IMMZD5DTRabiesEncounterElements.json	1193	3	0	0	0	0	0	0	0	5	0	0	0	0	0	0	0	0	0	0	41	12	0	0	0	0	1	0	0
fsh-generated/resources/Library-IMMZD5DTRotavirusCILogic.json	1194	3	0	0	0	0	0	0	0	7	0	0	0	0	0	0	0	0	0	0	199	22	0	0	0	0	5	0	0
fsh-generated/resources/Library-IMMZD5DTRotavirusElements.json	1170	3	0	0	1	0	0	0	1	8	0	0	0	0	0	0	0	0	0	0	65	14	0	0	0	0	2	0	0
fsh-generated/resources/Library-IMMZD5DTRotavirusEncounterElements.json	1211	2	0	0	0	0	0	0	0	9	0	0	0	0	0	0	0	0	0	0	70	15	0	0	0	0	1	0	0
fsh-generated/resources/Library-IMMZD5DTRubellaCILogic.json	1182	3	0	0	0	0	0	0	0	11	0	0	0	0	0	0	0	0	0	0	156	19	0	0	0	0	5	0	0
fsh-generated/resources/Library-IMMZD5DTRubellaElements.json	1158	3	0	0	0	0	0	0	0	11	0	0	0	0	0	0	0	0	0	0	59	15	0	0	0	0	1	0	0
fsh-generated/resources/Library-IMMZD5DTRubellaEncounterElements.json	1199	3	0	0	0	0	0	0	1	10	0	0	0	0	0	0	0	0	0	0	64	14	0	0	0	0	2	0	0
fsh-generated/resources/Library-IMMZD5DTSeasonalinfluenzaCILogic.json	1243	2	0	0	0	0	0	0	0	9	0	0	0	0	0	0	0	0	0	0	79	24	0	0	0	0	2	0	0
fsh-generated/resources/Library-IMMZD5DTSeasonalinfluenzaElements.json	1219	3	0	0	1	0	0	0	0	9	0	0	0	0	0	0	0	0	0	0	42	12	0	0	0	0	1	0	0
fsh-generated/resources/Library-IMMZD5DTSeasonalinfluenzaEncounterElements.json	1260	3	0	0	0	0	0	0	0	9	0	0	0	0	0	0	0	0	0	0	45	13	0	0	0	0	1	0	0
fsh-generated/resources/Library-IMMZD5DTTBECILogic.json	1158	2	0	0	0	0	0	0	0	9	0	0	0	0	0	0	0	0	0	0	72	14	0	0	0	0	2	0	1
fsh-generated/resources/Library-IMMZD5DTTBEElements.json	1134	3	0	0	0	0	0	0	0	8	0	0	0	0	0	0	0	0	0	0	40	12	0	0	0	0	0	0	0
fsh-generated/resources/Library-IMMZD5DTTBEEncounterElements.json	1175	3	0	0	0	0	0	0	1	9	0	0	0	0	0	0	0	0	0	0	43	13	0	0	0	0	1	0	0
fsh-generated/resources/Library-IMMZD5DTTyphoidCILogic.json	1182	3	0	0	0	0	0	0	0	10	0	0	0	0	0	0	0	0	0	0	120	17	0	0	0	0	3	0	0
fsh-generated/resources/Library-IMMZD5DTTyphoidElements.json	1158	2	0	0	1	0	0	0	0	9	0	0	0	0	0	0	0	0	0	0	49	13	0	0	0	0	2	0	0
fsh-generated/resources/Library-IMMZD5DTTyphoidEncounterElements.json	1199	3	0	0	0	0	0	0	0	10	0	0	0	0	0	0	0	0	0	0	54	13	0	0	0	0	1	0	0
fsh-generated/resources/Library-IMMZD5DTVaricellaCILogic.json	1194	3	0	0	0	0	0	0	0	10	0	0	0	0	0	0	0	0	0	0	117	17	0	0	0	0	3	0	0
fsh-generated/resources/Library-IMMZD5DTVaricellaElements.json	1170	3	0	0	0	0	0	0	1	8	0	0	0	0	0	0	0	1	0	0	50	13	0	0	0	0	1	0	0
fsh-generated/resources/Library-IMMZD5DTVaricellaEncounterElements.json	1211	3	0	0	0	0	0	0	0	5	0	0	0	0	0	0	0	0	0	0	56	13	0	0	0	0	1	0	0
fsh-generated/resources/Library-IMMZD5DTYellowfeverCILogic.json	1207	2	0	0	1	0	0	0	0	7	0	0	0	0	0	0	0	0	0	0	155	21	0	0	0	0	5	0	0
fsh-generated/resources/Library-IMMZD5DTYellowfeverElements.json	1183	3	0	0	0	0	0	0	0	5	0	0	0	0	0	0	0	0	0	0	60	14	0	0	0	0	1	0	0
fsh-generated/resources/Library-IMMZD5DTYellowfeverEncounterElements.json	1224	3	0	0	0	0	0	0	0	6	0	0	0	0	0	0	0	0	0	0	64	14	0	0	0	0	2	0	0
fsh-generated/resources/Library-IMMZElements.json	1091	2	0	0	0	0	0	0	2	20	0	0	0	0	0	0	0	0	0	0	547	60	0	0	0	0	19	0	0
fsh-generated/resources/Library-IMMZEncounterElements.json	1132	3	0	0	0	0	0	0	1	15	0	0	0	0	0	0	0	0	0	0	545	54	0	0	0	0	19	0	0
fsh-generated/resources/Library-IMMZIND01Logic.json	1115	3	0	0	1	0	0	0	0	11	0	0	0	0	0	0	0	0	0	0	56	14	0	0	0	0	1	0	0
fsh-generated/resources/Library-IMMZIND02Logic.json	1115	3	0	0	0	0	0	0	0	9	0	0	0	0	0	0	0	0	0	0	51	14	0	0	0	0	1	0	0
fsh-generated/resources/Library-IMMZIND03Logic.json	1115	2	0	0	0	0	0	0	1	12	0	0	0	0	0	0	0	0	0	0	50	13	0	0	0	0	1	0	0
fsh-generated/resources/Library-IMMZIND04Logic.json	1115	3	0	0	0	0	0	0	0	12	0	0	0	0	0	0	0	0	0	0	50	14	0	0	0	0	2	0	0
fsh-generated/resources/Library-IMMZIND05Logic.json	1115	3	0	0	0	0	0	0	0	8	0	0	0	0	0	0	0	0	0	0	56	13	0	0	0	0	1	0	0
fsh-generated/resources/Library-IMMZIND06Logic.json	1115	2	0	0	0	0	0	0	0	20	0	0	0	0	0	0	0	0	0	0	55	14	0	0	0	0	2	0	0
fsh-generated/resources/Library-IMMZIND07Logic.json	1115	3	0	0	1	0	0	0	0	10	0	0	0	0	0	0	0	0	0	0	55	15	0	0	0	0	1	0	0
fsh-generated/resources/Library-IMMZIND08Logic.json	1115	3	0	0	0	0	0	0	0	8	0	0	0	0	0	0	0	0	0	0	56	14	0	0	0	0	1	0	0
fsh-generated/resources/Library-IMMZIND09Logic.json	1115	2	0	0	0	0	0	0	1	8	0	0	0	0	0	0	0	0	0	0	54	14	0	0	0	0	1	0	0
fsh-generated/resources/Library-IMMZIND10Logic.json	1115	3	0	0	0	0	0	0	0	8	0	0	0	0	0	0	0	0	0	0	56	13	0	0	0	0	2	0	0
fsh-generated/resources/Library-IMMZIND11Logic.json	1115	3	0	0	0	0	0	0	0	6	0	0	0	0	0	0	0	0	0	0	56	15	0	0	0	0	1	0	0
fsh-generated/resources/Library-IMMZIND12Logic.json	1115	3	0	0	0	0	0	0	0	9	0	0	0	0	0	0	0	0	0	0	54	14	0	0	0	0	1	0	1
fsh-generated/resources/Library-IMMZIND13Logic.json	1115	2	0	0	0	0	0	0	0	7	0	0	0	0	0	0	0	0	0	0	52	13	0	0	0	0	1	0	0
fsh-generated/resources/Library-IMMZIND14Logic.json	1115	3	0	0	0	0	0	0	1	7	0	0	0	0	0	0	0	0	0	0	58	14	0	0	0	0	2	0	0
fsh-generated/resources/Library-IMMZIND15Logic.json	1115	3	0	0	0	0	0	0	0	7	0	0	0	0	0	0	0	0	0	0	58	14	0	0	0	0	1	0	0
fsh-generated/resources/Library-IMMZIND16Logic.json	1115	3	0	0	0	0	0	0	0	7	0	0	0	0	0	0	0	0	0	0	58	14	0	0	0	0	1	0	0
fsh-generated/resources/Library-IMMZIND17Logic.json	1115	2	0	0	0	0	0	0	0	7	0	0	0	0	0	0	0	0	0	0	59	13	0	0	0	0	2	0	0
fsh-generated/resources/Library-IMMZIND18Logic.json	1115	4	0	0	1	0	0	0	0	7	0	0	0	0	0	0	0	0	0	0	60	14	0	0	0	0	1	0	0
fsh-generated/resources/Library-IMMZIND19Logic.json	1115	2	0	0	0	0	0	0	1	7	0	0	0	0	0	0	0	0	0	0	88	13	0	0	0	0	2	0	0
fsh-generated/resources/Library-IMMZIND20Logic.json	1115	3	0	0	0	0	0	0	0	8	0	0	0	0	0	0	0	0	0	0	61	14	0	0	0	0	1	0	0
fsh-generated/resources/Library-IMMZIND21Logic.json	1115	3	0	0	0	0	0	0	0	7	0	0	0	0	0	0	0	0	0	0	59	14	0	0	0	0	2	0	0
fsh-generated/resources/Library-IMMZIND22Logic.json	1115	3	0	0	0	0	0	0	0	8	0	0	0	0	0	0	0	0	0	0	60	15	0	0	0	0	1	0	0
fsh-generated/resources/Library-IMMZIND23Logic.json	1115	2	0	0	0	0	0	0	0	9	0	0	0	0	0	0	0	0	0	0	57	15	0	0	0	0	1	0	0
fsh-generated/resources/Library-IMMZIND24Logic.json	1115	3	0	0	1	0	0	0	0	8	0	0	0	0	0	0	0	0	0	0	57	14	0	0	0	0	2	0	0
fsh-generated/resources/Library-IMMZIND25Logic.json	1115	3	0	0	0	0	0	0	1	7	0	0	0	0	0	0	0	1	0	0	57	14	0	0	0	0	1	0	0
fsh-generated/resources/Library-IMMZIND26Logic.json	1115	2	0	0	0	0	0	0	0	8	0	0	0	0	0	0	0	0	0	0	63	13	0	0	0	0	1	0	0
fsh-generated/resources/Library-IMMZIND27Logic.json	1115	3	0	0	0	0	0	0	0	7	0	0	0	0	0	0	0	0	0	0	61	14	0	0	0	0	2	0	0
fsh-generated/resources/Library-IMMZIND28Logic.json	1115	3	0	0	0	0	0	0	0	7	0	0	0	0	0	0	0	0	0	0	62	13	0	0	0	0	1	0	0
fsh-generated/resources/Library-IMMZIND29Logic.json	1115	3	0	0	1	0	0	0	0	11	0	0	0	0	0	0	0	0	0	0	62	13	0	0	0	0	1	0	0
fsh-generated/resources/Library-IMMZIND30Logic.json	1115	2	0	0	0	0	0	0	1	9	0	0	0	0	0	0	0	0	0	0	51	14	0	0	0	0	1	0	0
fsh-generated/resources/Library-IMMZIND31Logic.json	1115	3	0	0	0	0	0	0	0	7	0	0	0	0	0	0	0	0	0	0	68	14	0	0	0	0	2	0	0
fsh-generated/resources/Library-IMMZIND32Logic.json	1115	3	0	0	0	0	0	0	0	8	0	0	0	0	0	0	0	0	0	0	60	14	0	0	0	0	1	0	0
fsh-generated/resources/Library-IMMZIND33Logic.json	1115	3	0	0	0	0	0	0	0	14	0	0	0	0	0	0	0	0	0	0	59	14	0	0	0	0	1	0	0
fsh-generated/resources/Library-IMMZIND34Logic.json	1115	2	0	0	0	0	0	0	0	14	0	0	0	0	0	0	0	0	0	0	59	13	0	0	0	0	2	0	0
fsh-generated/resources/Library-IMMZIND35Logic.json	1115	3	0	0	1	0	0	0	0	14	0	0	0	0	0	0	0	0	0	0	91	16	0	0	0	0	3	0	0
fsh-generated/resources/Library-IMMZIND36Logic.json	1115	3	0	0	0	0	0	0	1	13	0	0	0	0	0	0	0	0	0	0	75	16	0	0	0	0	1	0	0
fsh-generated/resources/Library-IMMZIND37Logic.json	1115	3	0	0	0	0	0	0	0	14	0	0	0	0	0	0	0	0	0	0	76	15	0	0	0	0	7	0	0
fsh-generated/resources/Library-IMMZIND38Logic.json	1115	2	0	0	0	0	0	0	0	15	0	0	0	0	0	0	0	0	0	0	105	16	0	0	0	0	5	0	0
fsh-generated/resources/Library-IMMZIND39Logic.json	1115	3	0	0	0	0	0	0	0	14	0	0	0	0	0	0	0	0	0	0	82	16	0	0	0	0	2	0	0
fsh-generated/resources/Library-IMMZIND44Logic.json	1115	3	0	0	1	0	0	0	0	14	0	0	0	0	0	0	0	0	0	0	62	14	0	0	0	0	2	0	0
fsh-generated/resources/Library-IMMZIND45Logic.json	1115	2	0	0	0	0	0	0	1	15	0	0	0	0	0	0	0	0	0	0	58	16	0	0	0	0	1	0	0
fsh-generated/resources/Library-IMMZIndicatorElements.json	1169	3	0	0	0	0	0	0	0	14	0	0	0	0	0	0	0	0	0	0	672	51	0	0	0	0	24	0	0
fsh-generated/resources/Library-WHOCommon.json	1090	3	0	0	0	0	0	0	0	9	0	0	0	0	0	0	0	0	0	0	432	36	0	0	0	0	20	0	0
fsh-generated/resources/Library-WHOConcepts.json	1081	3	0	0	0	0	0	0	0	17	0	0	0	0	0	0	0	0	0	0	34	13	0	0	0	0	1	0	1
fsh-generated/resources/Library-WHOElements.json	1094	2	0	0	0	0	0	0	0	5	0	0	0	0	0	0	0	0	0	0	36	12	0	0	0	0	1	0	0
fsh-generated/resources/Library-WHOEncounterElements.json	1135	3	0	0	1	0	0	0	0	4	0	0	0	0	0	0	0	0	0	0	38	12	0	0	0	0	0	0	0
fsh-generated/resources/Measure-IMMZIND01.json	4302	3	0	0	0	0	0	0	1	17	0	0	0	0	0	0	0	0	0	0	20	12	0	0	0	0	1	0	0
fsh-generated/resources/Measure-IMMZIND02.json	4320	3	0	0	0	0	0	0	0	12	0	0	0	0	0	0	0	0	0	0	21	12	0	0	0	0	0	0	0
fsh-generated/resources/Measure-IMMZIND03.json	4320	3	0	0	0	0	0	0	0	10	0	0	0	0	0	0	0	0	0	0	21	12	0	0	0	0	0	0	0
fsh-generated/resources/Measure-IMMZIND04.json	4320	3	0	0	0	0	0	0	0	10	0	0	0	0	0	0	0	0	0	0	20	12	0	0	0	0	1	0	0
fsh-generated/resources/Measure-IMMZIND05.json	4335	2	0	0	0	0	0	0	0	10	0	0	0	0	0	0	0	0	0	0	20	12	0	0	0	0	0	0	0
fsh-generated/resources/Measure-IMMZIND06.json	4325	3	0	0	1	0	0	0	0	10	0	0	0	0	0	0	0	0	0	0	21	13	0	0	0	0	0	0	0
fsh-generated/resources/Measure-IMMZIND07.json	4325	3	0	0	0	0	0	0	1	10	0	0	0	0	0	0	0	0	0	0	20	12	0	0	0	0	0	0	0
fsh-generated/resources/Measure-IMMZIND08.json	4325	3	0	0	0	0	0	0	0	9	0	0	0	0	0	0	0	0	0	0	21	12	0	0	0	0	0	0	0
fsh-generated/resources/Measure-IMMZIND09.json	4332	3	0	0	0	0	0	0	0	10	0	0	0	0	0	0	0	0	0	0	21	11	0	0	0	0	1	0	0
fsh-generated/resources/Measure-IMMZIND10.json	4332	3	0	0	0	0	0	0	0	10	0	0	0	0	0	0	0	0	0	0	21	12	0	0	0	0	0	0	0
fsh-generated/resources/Measure-IMMZIND11.json	4332	2	0	0	0	0	0	0	0	9	0	0	0	0	0	0	0	0	0	0	20	12	0	0	0	0	0	0	0
fsh-generated/resources/Measure-IMMZIND12.json	4339	3	0	0	1	0	0	0	1	10	0	0	0	0	0	0	0	0	0	0	21	12	0	0	0	0	0	0	0
fsh-generated/resources/Measure-IMMZIND13.json	4339	3	0	0	0	0	0	0	0	10	0	0	0	0	0	0	0	0	0	0	21	12	0	0	0	0	0	0	0
fsh-generated/resources/Measure-IMMZIND14.json	4312	3	0	0	0	0	0	0	0	9	0	0	0	0	0	0	0	0	0	0	20	12	0	0	0	0	1	0	0
fsh-generated/resources/Measure-IMMZIND15.json	4312	3	0	0	0	0	0	0	0	10	0	0	0	0	0	0	0	0	0	0	21	12	0	0	0	0	0	0	0
fsh-generated/resources/Measure-IMMZIND16.json	4312	3	0	0	0	0	0	0	0	10	0	0	0	0	0	0	0	0	0	0	20	12	0	0	0	0	0	0	0
fsh-generated/resources/Measure-IMMZIND17.json	4331	3	0	0	0	0	0	0	0	9	0	0	0	0	0	0	0	0	0	0	21	12	0	0	0	0	0	0	0
fsh-generated/resources/Measure-IMMZIND18.json	4331	3	0	0	1	0	0	0	1	10	0	0	0	0	0	0	0	0	0	0	20	11	0	0	0	0	0	0	0
fsh-generated/resources/Measure-IMMZIND19.json	4331	2	0	0	0	0	0	0	0	10	0	0	0	0	0	0	0	0	0	0	21	12	0	0	0	0	0	0	0
fsh-generated/resources/Measure-IMMZIND20.json	4319	3	0	0	0	0	0	0	0	9	0	0	0	0	0	0	0	0	0	0	21	12	0	0	0	0	1	0	0
fsh-generated/resources/Measure-IMMZIND21.json	4319	3	0	0	0	0	0	0	0	9	0	0	0	0	0	0	0	0	0	0	21	12	0	0	0	0	0	0	0
fsh-generated/resources/Measure-IMMZIND22.json	4319	3	0	0	0	0	0	0	0	8	0	0	0	0	0	0	0	0	0	0	22	12	0	0	0	0	0	0	0
fsh-generated/resources/Measure-IMMZIND23.json	4348	3	0	0	0	0	0	0	0	9	0	0	0	0	0	0	0	0	0	0	21	13	0	0	0	0	0	0	0
fsh-generated/resources/Measure-IMMZIND24.json	4348	3	0	0	1	0	0	0	1	9	0	0	0	0	0	0	0	0	0	0	21	12	0	0	0	0	0	0	0
fsh-generated/resources/Measure-IMMZIND25.json	4348	3	0	0	0	0	0	0	0	8	0	0	0	0	0	0	0	1	0	0	34	12	0	0	0	0	0	0	0
fsh-generated/resources/Measure-IMMZIND26.json	4311	3	0	0	0	0	0	0	0	9	0	0	0	0	0	0	0	0	0	0	21	12	0	0	0	0	1	0	0
fsh-generated/resources/Measure-IMMZIND27.json	4302	3	0	0	0	0	0	0	0	9	0	0	0	0	0	0	0	0	0	0	21	12	0	0	0	0	0	0	0
fsh-generated/resources/Measure-IMMZIND28.json	4307	2	0	0	0	0	0	0	0	9	0	0	0	0	0	0	0	0	0	0	20	11	0	0	0	0	0	0	0
fsh-generated/resources/Measure-IMMZIND29.json	4318	3	0	0	0	0	0	0	0	9	0	0	0	0	0	0	0	0	0	0	20	12	0	0	0	0	0	0	0
fsh-generated/resources/Measure-IMMZIND30.json	4308	3	0	0	0	0	0	0	1	10	0	0	0	0	0	0	0	0	0	0	21	22	0	0	0	0	0	0	1
fsh-generated/resources/Measure-IMMZIND31.json	4317	3	0	0	0	0	0	0	0	9	0	0	0	0	0	0	0	0	0	0	20	12	0	0	0	0	1	0	0
fsh-generated/resources/Measure-IMMZIND32.json	4317	3	0	0	1	0	0	0	0	9	0	0	0	0	0	0	0	0	0	0	21	12	0	0	0	0	0	0	0
fsh-generated/resources/Measure-IMMZIND33.json	4317	3	0	0	0	0	0	0	0	9	0	0	0	0	0	0	0	0	0	0	21	12	0	0	0	0	0	0	0
fsh-generated/resources/Measure-IMMZIND34.json	4317	3	1	0	0	0	0	0	0	9	0	0	0	0	0	0	0	0	0	0	20	12	0	0	0	0	0	0	0
fsh-generated/resources/Measure-IMMZIND35.json	4342	3	0	0	0	0	0	0	0	8	0	0	0	0	0	0	0	0	0	0	21	11	0	0	0	0	0	0	0
fsh-generated/resources/Measure-IMMZIND36.json	4336	2	0	0	0	0	0	0	1	9	0	0	0	0	0	0	0	0	0	0	21	12	0	0	0	0	0	0	0
fsh-generated/resources/Measure-IMMZIND37.json	4354	3	0	0	0	0	0	0	0	9	0	0	0	0	0	0	0	0	0	0	21	12	0	0	0	0	1	0	0
fsh-generated/resources/Measure-IMMZIND38.json	4332	3	0	0	0	0	0	0	0	8	0	0	0	0	0	0	0	0	0	0	20	12	0	0	0	0	0	0	0
fsh-generated/resources/Measure-IMMZIND39.json	4332	3	0	0	0	0	0	0	0	9	0	0	0	0	0	0	0	0	0	0	21	12	0	0	0	0	0	0	0
fsh-generated/resources/Measure-IMMZIND44.json	4314	3	0	0	0	0	0	0	0	9	0	0	0	0	0	0	0	0	0	0	23	12	0	0	0	0	1	0	0
fsh-generated/resources/Measure-IMMZIND45.json	3431	3	0	0	1	0	0	0	0	8	0	0	0	0	0	0	0	0	0	0	19	11	0	0	0	0	0	0	0
fsh-generated/resources/Patient-IMMZ.C.Patient.1.json	626	3	0	0	0	0	0	0	0	990	0	0	0	0	0	0	0	0	0	0	12	19	0	0	0	0	0	0	0
fsh-generated/resources/Patient-IMMZ.C.Patient.2.json	601	3	0	0	0	0	0	0	0	1	0	0	0	0	0	0	0	0	0	0	11	12	0	0	0	0	0	0	0
fsh-generated/resources/PlanDefinition-IMMZD18SBCG.json	3496	2	0	0	0	0	0	0	1	10	0	0	0	0	0	0	0	0	0	0	23	26	0	0	0	0	1	0	0
fsh-generated/resources/PlanDefinition-IMMZD18SCholeraWC.json	9151	3	0	0	0	0	0	0	0	15	0	0	0	0	0	0	0	0	0	0	35	16	0	0	0	0	0	0	0
fsh-generated/resources/PlanDefinition-IMMZD18SCholerarBS2to5.json	10379	3	0	0	0	0	0	0	0	14	0	0	0	0	0	0	0	0	0	0	40	14	0	0	0	0	1	0	0
fsh-generated/resources/PlanDefinition-IMMZD18SCholerarBSover5.json	8428	3	0	0	0	0	0	0	0	13	0	0	0	0	0	0	0	0	0	0	35	22	0	0	0	0	0	0	0
fsh-generated/resources/PlanDefinition-IMMZD18SDTPDelayed.json	15657	4	0	0	0	0	0	0	1	16	0	0	0	0	0	0	0	0	0	0	52	17	0	0	0	0	1	0	0
fsh-generated/resources/PlanDefinition-IMMZD18SDTPOnTime.json	16238	3	0	0	0	0	0	0	0	19	0	0	0	0	0	0	0	0	0	0	54	16	0	0	0	0	1	0	0
fsh-generated/resources/PlanDefinition-IMMZD18SDTPPregnant3.json	8654	3	0	0	1	0	0	0	0	14	0	0	0	0	0	0	0	0	0	0	35	15	0	0	0	0	1	0	0
fsh-generated/resources/PlanDefinition-IMMZD18SDTPPregnant4.json	6281	3	0	0	0	0	0	0	1	13	0	0	0	0	0	0	0	0	0	0	30	14	0	0	0	0	0	0	0
fsh-generated/resources/PlanDefinition-IMMZD18SDengue3Dose.json	6843	3	0	0	0	0	0	0	0	13	0	0	0	0	0	0	0	0	0	0	30	13	0	0	0	0	0	0	0
fsh-generated/resources/PlanDefinition-IMMZD18SHPV2Dose.json	7002	3	0	0	0	0	0	0	0	17	0	0	0	0	0	0	0	0	0	0	31	13	0	0	0	0	1	0	0
fsh-generated/resources/PlanDefinition-IMMZD18SHPVAlt.json	7315	2	0	0	0	0	0	0	0	13	0	0	0	0	0	0	0	0	0	0	32	13	0	0	0	0	0	0	0
fsh-generated/resources/PlanDefinition-IMMZD18SHepatitisAIHAV1.json	3100	3	0	0	0	0	0	0	0	10	0	0	0	0	0	0	0	0	0	0	22	15	0	0	0	0	0	0	0
fsh-generated/resources/PlanDefinition-IMMZD18SHepatitisAIHAV2.json	4992	3	0	0	0	0	0	0	0	11	0	0	0	0	0	0	0	0	0	0	25	17	0	0	0	0	1	0	0
fsh-generated/resources/PlanDefinition-IMMZD18SHepatitisALHAV1.json	3095	3	0	0	0	0	0	0	1	9	0	0	0	0	0	0	0	0	0	0	22	13	0	0	0	0	0	0	0
fsh-generated/resources/PlanDefinition-IMMZD18SHepatitisB3Delayed.json	7224	3	0	0	1	0	0	0	0	12	0	0	0	0	0	0	0	0	0	0	31	13	0	0	0	0	1	0	0
fsh-generated/resources/PlanDefinition-IMMZD18SHepatitisB3Dose.json	7735	2	0	0	0	0	0	0	0	11	0	0	0	0	0	0	0	0	0	0	33	13	0	0	0	0	0	0	0
fsh-generated/resources/PlanDefinition-IMMZD18SHepatitisB4Dose.json	7502	3	0	0	0	0	0	0	0	10	0	0	0	0	0	0	0	0	0	0	32	13	0	0	0	0	0	0	1
fsh-generated/resources/PlanDefinition-IMMZD18SHepatitisBBirth.json	3063	3	0	0	0	0	0	0	0	9	0	0	0	0	0	0	0	0	0	0	22	12	0	0	0	0	0	0	0
fsh-generated/resources/PlanDefinition-IMMZD18SHib2p1b.json	7203	3	0	0	0	0	0	0	0	12	0	0	0	0	0	0	0	0	0	0	31	14	0	0	0	0	1	0	0
fsh-generated/resources/PlanDefinition-IMMZD18SHib3p.json	7375	3	0	0	0	0	0	0	1	11	0	0	0	0	0	0	0	0	0	0	32	13	0	0	0	0	0	0	0
fsh-generated/resources/PlanDefinition-IMMZD18SHib3p1b.json	9481	3	0	0	0	0	0	0	0	7	0	0	0	0	0	0	0	0	0	0	37	15	0	0	0	0	0	0	0
fsh-generated/resources/PlanDefinition-IMMZD18SJEIV.json	4998	3	0	0	0	0	0	0	0	5	0	0	0	0	0	0	0	0	0	0	26	12	0	0	0	0	1	0	0
fsh-generated/resources/PlanDefinition-IMMZD18SJELA.json	3041	2	0	0	1	0	0	0	0	5	0	0	0	0	0	0	0	0	0	0	22	12	0	0	0	0	0	0	0
fsh-generated/resources/PlanDefinition-IMMZD18SJELR.json	3044	3	0	0	0	0	0	0	0	6	0	0	0	0	0	0	0	0	0	0	21	12	0	0	0	0	0	0	0
fsh-generated/resources/PlanDefinition-IMMZD18SMalaria4Dose.json	8589	3	0	0	0	0	0	0	1	6	0	0	0	0	0	0	0	1	0	0	34	14	0	0	0	0	0	0	0
fsh-generated/resources/PlanDefinition-IMMZD18SMeaslesDose0LT.json	3645	3	0	0	0	0	0	0	0	5	0	0	0	0	0	0	0	0	0	0	23	12	0	0	0	0	0	0	0
fsh-generated/resources/PlanDefinition-IMMZD18SMeaslesDose0OT.json	3645	3	0	0	0	0	0	0	0	5	0	0	0	0	0	0	0	0	0	0	23	12	0	0	0	0	1	0	0
fsh-generated/resources/PlanDefinition-IMMZD18SMeaslesLowTx.json	4832	3	0	0	0	0	0	0	0	6	0	0	0	0	0	0	0	0	0	0	26	13	0	0	0	0	0	0	0
fsh-generated/resources/PlanDefinition-IMMZD18SMeaslesOngoingTx.json	4898	2	0	0	0	0	1	0	0	5	0	0	0	0	0	0	0	0	0	0	25	12	0	0	0	0	0	0	0
fsh-generated/resources/PlanDefinition-IMMZD18SMeaslesSupplementary.json	3470	3	0	0	1	0	0	0	0	6	0	0	0	0	0	0	0	0	0	0	23	13	0	0	0	0	0	0	0
fsh-generated/resources/PlanDefinition-IMMZD18SMeningococcalMenA1.json	3088	3	0	0	0	0	0	0	0	9	0	0	0	0	0	0	0	0	0	0	21	12	0	0	0	0	0	0	0
fsh-generated/resources/PlanDefinition-IMMZD18SMeningococcalMenA2.json	5216	3	0	0	0	0	0	0	1	9	0	0	0	0	0	0	0	0	0	0	27	12	0	0	0	0	1	0	0
fsh-generated/resources/PlanDefinition-IMMZD18SMeningococcalMenC.json	7632	3	0	0	0	0	0	0	0	6	0	0	0	0	0	0	0	0	0	0	34	13	0	0	0	0	0	0	0
fsh-generated/resources/PlanDefinition-IMMZD18SMeningococcalPoly.json	5032	2	0	0	0	0	0	0	0	6	0	0	0	0	0	0	0	0	0	0	26	13	0	0	0	0	0	0	0
fsh-generated/resources/PlanDefinition-IMMZD18SMeningococcalQuad1.json	3211	3	0	0	0	0	0	0	0	5	0	0	0	0	0	0	0	0	0	0	22	17	0	0	0	0	0	0	0
fsh-generated/resources/PlanDefinition-IMMZD18SMeningococcalQuad2.json	5096	3	0	0	0	0	0	0	0	5	0	0	0	0	0	0	0	0	0	0	27	15	0	0	0	0	1	0	0
fsh-generated/resources/PlanDefinition-IMMZD18SMumps2Dose.json	4950	3	0	0	0	0	0	0	0	10	0	0	0	0	0	0	0	0	0	0	26	13	0	0	0	0	0	0	0
fsh-generated/resources/PlanDefinition-IMMZD18SPneumococcal2p1b.json	10040	3	0	0	0	0	0	0	1	8	0	0	0	0	0	0	0	0	0	0	38	14	0	0	0	0	0	0	0
fsh-generated/resources/PlanDefinition-IMMZD18SPneumococcal3p0b.json	12329	3	0	0	1	0	0	0	0	7	0	0	0	0	0	0	0	0	0	0	45	15	0	0	0	0	1	0	0
fsh-generated/resources/PlanDefinition-IMMZD18SPolioBirth.json	3371	3	0	0	0	0	0	0	0	6	0	0	0	0	0	0	0	0	0	0	22	12	0	0	0	0	0	0	0
fsh-generated/resources/PlanDefinition-IMMZD18SPolioIPV.json	8842	2	0	0	0	0	0	0	0	6	0	0	0	0	0	0	0	0	0	0	35	13	0	0	0	0	0	0	0
fsh-generated/resources/PlanDefinition-IMMZD18SPolioSequential.json	8943	3	0	0	0	0	0	0	1	6	0	0	0	0	0	0	0	0	0	0	36	14	0	0	0	0	1	0	0
fsh-generated/resources/PlanDefinition-IMMZD18SPoliobOPVIPV.json	10519	3	0	0	0	0	0	0	0	7	0	0	0	0	0	0	0	0	0	0	38	13	0	0	0	0	0	0	0
fsh-generated/resources/PlanDefinition-IMMZD18SRabiesPrEP.json	4817	3	0	0	0	0	0	0	0	5	0	0	0	0	0	0	0	0	0	0	26	12	0	0	0	0	0	0	0
fsh-generated/resources/PlanDefinition-IMMZD18SRotavirus.json	7214	3	0	0	0	0	0	0	0	6	0	0	0	0	0	0	0	0	0	0	31	13	0	0	0	0	0	0	0
fsh-generated/resources/PlanDefinition-IMMZD18SRubellaHigh.json	3001	3	0	0	0	0	0	0	0	5	0	0	0	0	0	0	0	0	0	0	21	11	0	0	0	0	1	0	0
fsh-generated/resources/PlanDefinition-IMMZD18SRubellaLow.json	2998	3	0	0	0	0	0	0	0	5	0	0	0	0	0	0	0	0	0	0	21	11	0	0	0	0	0	0	0
fsh-generated/resources/PlanDefinition-IMMZD18SSeasonalinfluenza2Dose.json	7103	3	0	0	0	0	0	0	1	6	0	0	0	0	0	0	0	0	0	0	31	13	0	0	0	0	0	0	1
fsh-generated/resources/PlanDefinition-IMMZD18STBEEnceVir.json	8737	3	0	0	0	0	0	0	0	7	0	0	0	0	0	0	0	0	0	0	35	13	0	0	0	0	0	0	0
fsh-generated/resources/PlanDefinition-IMMZD18STBEEncepur.json	8609	2	0	0	0	0	0	0	0	7	0	0	0	0	0	0	0	0	0	0	34	13	0	0	0	0	1	0	0
fsh-generated/resources/PlanDefinition-IMMZD18STBEFSME.json	8673	3	0	0	0	0	0	0	0	6	0	0	0	0	0	0	0	0	0	0	35	14	0	0	0	0	0	0	0
fsh-generated/resources/PlanDefinition-IMMZD18STBEMoscow.json	8785	3	0	0	0	0	0	0	1	6	0	0	0	0	0	0	0	0	0	0	35	13	0	0	0	0	0	0	0
fsh-generated/resources/PlanDefinition-IMMZD18STyphoidTCV.json	2974	3	0	0	1	0	0	0	0	4	0	0	0	0	0	0	0	0	0	0	22	11	0	0	0	0	0	0	0
fsh-generated/resources/PlanDefinition-IMMZD18STyphoidTy21a.json	5026	3	0	0	0	0	0	0	0	6	0	0	0	0	0	0	0	0	0	0	26	12	0	0	0	0	1	0	0
fsh-generated/resources/PlanDefinition-IMMZD18STyphoidVIPS.json	4853	3	0	0	0	0	0	0	0	5	0	0	0	0	0	0	0	0	0	0	27	12	0	0	0	0	0	0	0
fsh-generated/resources/PlanDefinition-IMMZD18SVaricella1Dose.json	3021	3	0	0	0	0	0	0	0	5	0	0	0	0	0	0	0	0	0	0	22	12	0	0	0	0	0	0	0
fsh-generated/resources/PlanDefinition-IMMZD18SVaricella2Dose.json	4952	3	0	0	0	0	0	0	0	5	0	0	0	0	0	0	0	0	0	0	26	12	0	0	0	0	0	0	0
fsh-generated/resources/PlanDefinition-IMMZD18SYellowfever.json	3016	2	0	0	0	0	0	0	0	5	0	0	0	0	0	0	0	0	0	0	21	11	0	0	0	0	0	0	0
fsh-generated/resources/PlanDefinition-IMMZD2DTBCG.json	4150	3	0	0	0	0	0	0	1	7	0	0	0	0	0	0	0	0	0	0	24	12	0	0	0	0	1	0	0
fsh-generated/resources/PlanDefinition-IMMZD2DTCholeraWC.json	6868	3	0	0	0	0	0	0	0	6	0	0	0	0	0	0	0	0	0	0	32	12	0	0	0	0	0	0	0
fsh-generated/resources/PlanDefinition-IMMZD2DTCholerarBS2to5.json	6085	3	0	0	0	0	0	0	0	5	0	0	0	0	0	0	0	0	0	0	29	13	0	0	0	0	0	0	0
fsh-generated/resources/PlanDefinition-IMMZD2DTCholerarBSover5.json	6097	3	0	0	0	0	0	0	0	6	0	0	0	0	0	0	0	0	0	0	28	12	0	0	0	0	0	0	0
fsh-generated/resources/PlanDefinition-IMMZD2DTDTPDelayed.json	20202	3	0	0	0	0	0	0	1	7	0	0	0	0	0	0	0	0	0	0	49	15	0	0	0	0	1	0	0
fsh-generated/resources/PlanDefinition-IMMZD2DTDTPOnTime.json	11842	3	0	0	0	0	0	0	0	6	0	0	0	0	0	0	0	0	0	0	38	14	0	0	0	0	1	0	0
fsh-generated/resources/PlanDefinition-IMMZD2DTDTPPregnant.json	2956	3	0	0	0	0	0	0	0	5	0	0	0	0	0	0	0	0	0	0	21	11	0	0	0	0	0	0	0
fsh-generated/resources/PlanDefinition-IMMZD2DTDTPPregnant3.json	5052	2	0	0	1	0	0	0	0	5	0	0	0	0	0	0	0	0	0	0	25	12	0	0	0	0	0	0	0
fsh-generated/resources/PlanDefinition-IMMZD2DTDTPPregnant4.json	4914	3	0	0	0	0	0	0	0	5	0	0	0	0	0	0	0	0	0	0	25	11	0	0	0	0	0	0	0
fsh-generated/resources/PlanDefinition-IMMZD2DTDengueNoScreen.json	5220	3	0	0	0	0	0	0	0	6	0	0	0	0	0	0	0	0	0	0	26	12	0	0	0	0	0	0	0
fsh-generated/resources/PlanDefinition-IMMZD2DTDengueSeropos.json	5624	3	0	0	0	0	0	0	0	5	0	0	0	0	0	0	0	1	0	0	27	12	0	0	0	0	1	0	0
fsh-generated/resources/PlanDefinition-IMMZD2DTHPV2Dose.json	4143	3	0	0	0	0	0	0	1	5	0	0	0	0	0	0	0	0	0	0	23	12	0	0	0	0	0	0	0
fsh-generated/resources/PlanDefinition-IMMZD2DTHPVAlt.json	4083	3	0	0	0	0	0	0	0	7	0	0	0	0	0	0	0	0	0	0	24	11	0	0	0	0	0	0	0
fsh-generated/resources/PlanDefinition-IMMZD2DTHepatitisAIHAV1.json	4632	2	0	0	0	0	0	0	0	6	0	0	0	0	0	0	0	0	1	0	25	12	0	0	0	0	0	0	0
fsh-generated/resources/PlanDefinition-IMMZD2DTHepatitisAIHAV2.json	4752	3	0	0	0	0	0	0	0	5	0	0	0	0	0	0	0	0	0	0	25	12	0	0	0	0	0	0	0
fsh-generated/resources/PlanDefinition-IMMZD2DTHepatitisALHAV1.json	4313	3	0	0	0	0	0	0	0	7	0	0	0	0	0	0	0	0	0	0	29	12	0	0	0	0	1	0	0
fsh-generated/resources/PlanDefinition-IMMZD2DTHepatitisB3Delayed.json	6188	3	0	0	0	0	0	0	0	6	0	0	0	0	0	0	0	0	0	0	28	12	0	0	0	0	0	0	1
fsh-generated/resources/PlanDefinition-IMMZD2DTHepatitisB3Dose.json	4464	3	0	0	0	0	0	0	1	5	0	0	0	0	0	0	0	0	0	0	25	12	0	0	0	0	0	0	0
fsh-generated/resources/PlanDefinition-IMMZD2DTHepatitisB4Dose.json	4453	3	0	0	0	0	0	0	0	5	0	0	0	0	0	0	0	0	0	0	24	12	0	0	0	0	0	0	0
fsh-generated/resources/PlanDefinition-IMMZD2DTHepatitisBBirth.json	4833	2	0	0	0	0	0	0	0	5	0	0	0	0	0	0	0	0	0	0	25	12	0	0	0	0	1	0	0
fsh-generated/resources/PlanDefinition-IMMZD2DTHib2p1b.json	5742	3	0	0	0	0	0	0	0	6	0	0	0	0	0	0	0	0	0	0	27	12	0	0	0	0	0	0	0
fsh-generated/resources/PlanDefinition-IMMZD2DTHib3p.json	4329	3	0	0	1	0	0	0	0	5	0	0	0	0	0	0	0	0	0	0	52	13	0	0	0	0	0	0	0
fsh-generated/resources/PlanDefinition-IMMZD2DTHib3p1b.json	5725	3	0	0	0	0	0	0	0	6	0	0	0	0	0	0	0	0	0	0	27	12	0	0	0	0	0	0	0
fsh-generated/resources/PlanDefinition-IMMZD2DTJEIV.json	4656	3	0	0	0	0	0	0	0	5	0	0	0	0	0	0	0	0	0	0	25	12	0	0	0	0	0	1	0
fsh-generated/resources/PlanDefinition-IMMZD2DTJELA.json	4511	3	0	0	0	0	0	0	1	5	0	0	0	0	0	0	0	0	0	0	25	11	0	0	0	0	1	0	0
fsh-generated/resources/PlanDefinition-IMMZD2DTJELR.json	4519	2	0	0	0	0	0	0	0	6	0	0	0	0	0	0	0	0	0	0	25	12	0	0	0	0	0	0	0
fsh-generated/resources/PlanDefinition-IMMZD2DTMalaria4Dose.json	4618	3	0	0	0	0	0	0	0	6	0	0	0	0	0	0	0	0	0	0	24	12	0	0	0	0	0	0	0
fsh-generated/resources/PlanDefinition-IMMZD2DTMeaslesDose0.json	2831	3	0	0	0	0	0	0	0	6	0	0	0	0	0	0	0	0	0	0	21	11	0	0	0	0	0	0	0
fsh-generated/resources/PlanDefinition-IMMZD2DTMeaslesLowTx.json	6186	3	0	0	0	0	0	0	0	5	0	0	0	0	0	0	0	0	0	0	27	12	0	0	0	0	1	0	0
fsh-generated/resources/PlanDefinition-IMMZD2DTMeaslesOngoingTx.json	6381	3	0	0	0	0	0	0	0	6	0	0	0	0	0	0	0	0	0	0	29	12	0	0	0	0	0	0	0
fsh-generated/resources/PlanDefinition-IMMZD2DTMeaslesSupplementary.json	2896	3	0	0	0	0	0	0	0	4	0	0	0	0	0	0	0	0	0	0	20	11	0	0	0	0	0	0	0
fsh-generated/resources/PlanDefinition-IMMZD2DTMeningococcalMenA1.json	4693	2	0	0	0	0	0	0	1	6	0	0	0	0	0	0	0	0	0	0	25	12	0	0	0	0	0	0	0
fsh-generated/resources/PlanDefinition-IMMZD2DTMeningococcalMenA2.json	4619	3	0	0	0	0	0	0	0	5	0	0	0	0	0	0	0	0	0	0	25	12	0	0	0	0	0	0	0
fsh-generated/resources/PlanDefinition-IMMZD2DTMeningococcalMenC.json	6301	3	0	0	0	0	0	0	0	5	0	0	0	0	0	0	0	0	0	0	28	12	0	0	0	0	1	0	0
fsh-generated/resources/PlanDefinition-IMMZD2DTMeningococcalPoly.json	4790	3	0	0	1	0	0	0	0	6	0	0	0	0	0	0	0	0	0	0	25	12	0	0	0	0	0	0	0
fsh-generated/resources/PlanDefinition-IMMZD2DTMeningococcalQuad1.json	4434	3	0	0	0	0	0	0	0	5	0	0	0	0	0	0	0	0	0	0	25	12	0	0	0	0	0	0	0
fsh-generated/resources/PlanDefinition-IMMZD2DTMeningococcalQuad2.json	4595	3	0	0	0	0	0	0	0	5	0	0	0	0	0	0	0	0	0	0	25	11	0	0	0	0	0	0	0
fsh-generated/resources/PlanDefinition-IMMZD2DTMumps2Dose.json	4640	2	0	0	0	0	0	0	1	5	0	0	0	0	0	0	0	0	0	0	24	12	0	0	0	0	1	0	0
fsh-generated/resources/PlanDefinition-IMMZD2DTPneumococcal2p1b.json	5809	3	0	0	0	0	0	0	0	5	0	0	0	0	0	0	0	0	0	0	27	12	0	0	0	0	0	0	0
fsh-generated/resources/PlanDefinition-IMMZD2DTPneumococcal3p0b.json	5575	3	0	0	0	0	0	0	0	6	0	0	0	0	0	0	0	0	0	0	27	12	0	0	0	0	0	0	0
fsh-generated/resources/PlanDefinition-IMMZD2DTPolioBirth.json	5292	3	0	0	0	0	0	0	0	5	0	0	0	0	0	0	0	0	0	0	27	13	0	0	0	0	0	0	0
fsh-generated/resources/PlanDefinition-IMMZD2DTPolioIPV.json	6234	3	0	0	0	0	0	0	0	6	0	0	0	0	0	0	0	0	0	0	29	13	0	0	0	0	1	0	0
fsh-generated/resources/PlanDefinition-IMMZD2DTPolioSequential.json	7496	3	0	0	0	0	0	0	0	7	0	0	0	0	0	0	0	0	0	0	31	13	0	0	0	0	0	0	0
fsh-generated/resources/PlanDefinition-IMMZD2DTPoliobOPVIPV.json	11866	3	0	0	0	0	0	0	1	6	0	0	0	0	0	0	0	0	0	0	38	13	0	0	0	0	0	0	0
fsh-generated/resources/PlanDefinition-IMMZD2DTRabiesPrEP.json	5308	2	0	0	0	0	0	0	0	6	0	0	0	0	0	0	0	0	0	0	25	12	0	0	0	0	1	0	0
fsh-generated/resources/PlanDefinition-IMMZD2DTRotavirus.json	4407	3	0	0	0	0	0	0	0	6	0	0	0	0	0	0	0	0	0	0	25	11	0	0	0	0	0	0	0
fsh-generated/resources/PlanDefinition-IMMZD2DTRubellaHigh.json	4240	3	0	0	0	0	0	0	0	5	0	0	0	0	0	0	0	0	0	0	23	12	0	0	0	0	0	0	1
fsh-generated/resources/PlanDefinition-IMMZD2DTRubellaLow.json	4162	3	0	0	1	0	0	0	0	6	0	0	0	0	0	0	0	0	0	0	24	12	0	0	0	0	0	0	0
fsh-generated/resources/PlanDefinition-IMMZD2DTSeasonalinfluenza2Dose.json	6200	3	0	0	0	0	0	0	0	5	0	0	0	0	0	0	0	0	0	0	28	12	0	0	0	0	1	0	0
fsh-generated/resources/PlanDefinition-IMMZD2DTTBEEnceVir.json	6299	3	0	0	0	0	0	0	1	7	0	0	0	0	0	0	0	0	0	0	29	12	0	0	0	0	0	0	0
fsh-generated/resources/PlanDefinition-IMMZD2DTTBEEncepur.json	7123	3	0	0	0	0	0	0	0	8	0	0	0	0	0	0	0	0	0	0	30	12	0	0	0	0	0	0	0
fsh-generated/resources/PlanDefinition-IMMZD2DTTBEFSME.json	6458	3	0	0	0	0	0	0	0	6	0	0	0	0	0	0	0	0	0	0	28	14	0	0	0	0	1	0	0
fsh-generated/resources/PlanDefinition-IMMZD2DTTBEMoscow.json	6104	2	0	0	0	0	0	0	0	6	0	0	0	0	0	0	0	0	0	0	28	13	0	0	0	0	0	0	0
fsh-generated/resources/PlanDefinition-IMMZD2DTTyphoidTCV.json	4183	3	0	0	0	0	0	0	0	5	0	0	0	0	0	0	0	0	0	0	24	11	0	0	0	0	0	0	0
fsh-generated/resources/PlanDefinition-IMMZD2DTTyphoidTy21a.json	5712	3	0	0	0	0	0	0	1	6	0	0	0	0	0	0	0	0	0	0	27	12	0	0	0	0	0	0	0
fsh-generated/resources/PlanDefinition-IMMZD2DTTyphoidVIPS.json	5449	3	0	0	0	0	0	0	0	5	0	0	0	0	0	0	0	0	0	0	27	12	0	0	0	0	0	0	0
fsh-generated/resources/PlanDefinition-IMMZD2DTVaricella1Dose.json	5354	3	0	0	0	0	0	0	0	6	0	0	0	0	0	0	0	0	0	0	26	12	0	0	0	0	1	0	0
fsh-generated/resources/PlanDefinition-IMMZD2DTVaricella2Dose.json	5476	3	0	0	0	0	0	0	0	5	0	0	0	0	0	0	0	0	0	0	24	12	0	0	0	0	0	0	0
fsh-generated/resources/PlanDefinition-IMMZD2DTYellowfever.json	4712	3	0	0	0	0	0	0	0	6	0	0	0	0	0	0	0	0	0	0	25	12	0	0	0	0	0	0	0
fsh-generated/resources/PlanDefinition-IMMZD5DTBCGCI.json	4999	2	0	0	0	0	0	0	0	5	0	0	0	0	0	0	0	0	0	0	26	12	0	0	0	0	0	0	0
fsh-generated/resources/PlanDefinition-IMMZD5DTDTPCI.json	3912	3	0	0	0	0	0	0	0	5	0	0	0	0	0	0	0	1	0	0	24	12	0	0	0	0	3	0	0
fsh-generated/resources/PlanDefinition-IMMZD5DTDengueCI.json	3932	3	0	0	1	0	0	0	1	5	0	0	0	0	0	0	0	0	0	0	23	12	0	0	0	0	0	0	0
fsh-generated/resources/PlanDefinition-IMMZD5DTHPVCI.json	3936	3	0	0	0	0	0	0	0	5	0	0	0	0	0	0	0	0	0	0	24	11	0	0	0	0	1	0	0
fsh-generated/resources/PlanDefinition-IMMZD5DTHepatitisACI.json	4042	3	0	0	0	0	0	0	0	5	1	0	0	0	0	0	0	0	0	0	24	12	0	0	0	0	0	0	0
fsh-generated/resources/PlanDefinition-IMMZD5DTHepatitisBCI.json	2907	3	0	0	0	0	0	0	0	5	0	0	0	0	0	0	0	0	0	0	21	11	0	0	0	0	0	0	0
fsh-generated/resources/PlanDefinition-IMMZD5DTHibCI.json	2847	2	0	0	0	0	0	0	0	5	0	0	0	0	0	0	0	0	0	0	21	11	0	0	0	0	1	0	0
fsh-generated/resources/PlanDefinition-IMMZD5DTJECI.json	2839	3	0	0	0	0	0	0	0	5	0	0	0	0	0	0	0	0	0	0	21	11	0	0	0	0	0	0	0
fsh-generated/resources/PlanDefinition-IMMZD5DTMalariaCI.json	2879	3	0	0	0	0	0	0	0	5	0	0	0	0	0	0	0	0	0	0	20	11	0	0	0	0	0	0	0
fsh-generated/resources/PlanDefinition-IMMZD5DTMeaslesCI.json	3879	3	0	0	0	0	0	0	0	5	0	0	0	0	0	0	0	0	0	0	24	12	0	0	0	0	0	0	0
fsh-generated/resources/PlanDefinition-IMMZD5DTMeningococcalCI.json	2927	2	0	0	0	0	0	0	1	4	0	0	0	0	0	0	0	0	0	0	21	11	0	0	0	0	1	0	0
fsh-generated/resources/PlanDefinition-IMMZD5DTMumpsCI.json	3918	3	0	0	0	0	0	0	0	5	0	0	0	0	0	0	0	0	0	0	23	12	0	0	0	0	0	0	0
fsh-generated/resources/PlanDefinition-IMMZD5DTPneumococcalCI.json	2919	3	0	0	0	0	0	0	0	5	0	0	0	0	0	0	0	0	0	0	22	11	0	0	0	0	0	0	0
fsh-generated/resources/PlanDefinition-IMMZD5DTPolioCI.json	3945	3	0	0	0	0	0	0	0	5	0	0	0	0	0	0	0	0	0	0	23	12	0	0	0	0	1	0	0
fsh-generated/resources/PlanDefinition-IMMZD5DTRabiesCI.json	2871	2	0	0	1	0	0	0	0	5	0	0	0	0	0	0	0	0	0	0	22	11	0	0	0	0	0	0	0
fsh-generated/resources/PlanDefinition-IMMZD5DTRotavirusCI.json	3974	3	0	0	0	0	0	0	0	5	0	0	0	0	0	0	0	0	0	0	24	12	0	0	0	0	0	0	0
fsh-generated/resources/PlanDefinition-IMMZD5DTRubellaCI.json	3946	3	0	0	0	0	0	0	0	5	0	0	0	0	0	0	0	0	0	0	23	12	0	0	0	0	1	0	0
fsh-generated/resources/PlanDefinition-IMMZD5DTSeasonalinfluenzaCI.json	2963	3	0	0	0	0	0	0	0	5	0	0	0	0	0	0	0	0	0	0	21	12	0	0	0	0	0	0	0
fsh-generated/resources/PlanDefinition-IMMZD5DTTBECI.json	2847	3	0	0	0	0	0	0	1	5	0	0	0	0	0	0	0	0	0	0	21	11	0	0	0	0	0	0	1
fsh-generated/resources/PlanDefinition-IMMZD5DTTyphoidCI.json	3986	2	0	0	0	0	0	0	0	5	0	0	0	0	0	0	0	0	0	0	24	12	0	0	0	0	0	0	0
fsh-generated/resources/PlanDefinition-IMMZD5DTVaricellaCI.json	3974	3	0	0	0	0	0	0	0	6	0	0	0	0	0	0	0	0	0	0	23	12	0	0	0	0	1	0	0
fsh-generated/resources/PlanDefinition-IMMZD5DTYellowfeverCI.json	3987	3	0	0	0	0	0	0	0	7	0	0	0	0	0	0	0	0	0	0	24	11	0	0	0	0	0	0	0
fsh-generated/resources/Questionnaire-QIMMZC4.json	9192	3	0	0	0	0	0	0	1	72	0	0	0	0	0	0	0	0	0	0	61	206	0	0	0	0	3	0	0
fsh-generated/resources/Questionnaire-QIMMZD1.json	117185	7	0	0	0	0	0	0	5	88	0	0	0	0	0	0	0	0	0	0	268	17419	0	0	0	0	16	0	1
fsh-generated/resources/Questionnaire-QIMMZD13.json	99514	7	0	0	0	0	0	0	3	55	0	0	0	0	0	0	0	1	0	0	250	1987	0	0	0	0	14	0	0
fsh-generated/resources/Questionnaire-QIMMZD17.json	12490	3	0	0	0	0	0	0	1	17	0	0	0	0	0	0	0	0	0	0	52	190	0	0	0	0	5	0	0
fsh-generated/resources/Questionnaire-QIMMZD18.json	1630	3	0	0	1	0	0	0	0	6	0	0	0	0	0	0	0	0	0	0	23	17	0	0	0	0	0	0	0
fsh-generated/resources/Questionnaire-QIMMZD2.json	2964	3	0	0	0	0	0	0	0	6	0	0	0	0	0	0	0	0	0	0	31	68	0	0	0	0	1	0	0
fsh-generated/resources/Questionnaire-QIMMZD20.json	863	2	0	0	0	0	0	0	0	6	0	0	0	0	0	0	0	0	0	0	22	13	0	0	0	0	1	0	0
fsh-generated/resources/Questionnaire-QIMMZD21.json	2100	3	0	0	0	0	0	0	0	6	0	0	0	0	0	0	0	0	0	0	35	14	0	0	0	0	1	0	0
fsh-generated/resources/Questionnaire-QIMMZD5.json	8488	3	0	0	0	0	0	0	0	7	0	0	0	0	0	0	0	0	0	0	38	87	0	0	0	0	1	0	0
fsh-generated/resources/Questionnaire-QIMMZD7.json	3522	3	0	0	0	0	0	0	1	6	0	0	0	0	0	0	0	0	0	0	28	59	0	0	0	0	1	0	0
fsh-generated/resources/QuestionnaireResponse-Example.IMMZ.C.QuestionnaireResponse.1.json	2144	3	0	0	0	0	0	0	0	3	0	0	0	0	0	0	0	0	0	0	38	19	0	0	0	0	0	0	0
fsh-generated/resources/QuestionnaireResponse-Example.IMMZ.D1.QuestionnaireResponse.BCG.json	3182	3	0	0	0	0	0	0	0	2	0	0	0	0	0	0	0	0	0	0	42	18	0	0	0	0	0	0	1
fsh-generated/resources/QuestionnaireResponse-Example.IMMZ.D1.QuestionnaireResponse.COVID.json	2082	3	0	0	0	0	0	0	0	1	0	0	0	0	0	0	0	0	0	0	33	18	0	0	0	0	0	0	0
fsh-generated/resources/QuestionnaireResponse-Example.IMMZ.D1.QuestionnaireResponse.Cholera.json	2364	2	0	0	0	0	0	0	0	2	0	0	0	0	0	0	0	0	0	0	35	18	0	0	0	0	0	0	0
fsh-generated/resources/QuestionnaireResponse-Example.IMMZ.D1.QuestionnaireResponse.DTP.json	2207	3	0	0	0	0	0	0	0	1	0	0	0	0	0	0	0	0	0	0	34	17	0	0	0	0	0	0	0
fsh-generated/resources/QuestionnaireResponse-Example.IMMZ.D1.QuestionnaireResponse.Dengue.json	2356	3	0	0	0	0	0	0	0	1	0	0	0	0	0	0	0	0	0	0	35	16	0	0	0	0	0	0	0
fsh-generated/resources/QuestionnaireResponse-Example.IMMZ.D1.QuestionnaireResponse.Diphtheria.json	2099	3	0	0	0	0	0	0	0	1	0	0	0	0	0	0	0	0	0	0	33	15	0	0	0	0	0	0	0
fsh-generated/resources/QuestionnaireResponse-Example.IMMZ.D1.QuestionnaireResponse.Flu.json	2082	3	0	0	0	0	0	0	0	1	0	0	0	0	0	0	0	0	0	0	32	17	0	0	0	0	0	0	0
fsh-generated/resources/QuestionnaireResponse-Example.IMMZ.D1.QuestionnaireResponse.HPV.json	2074	3	0	0	0	0	0	0	1	1	0	0	0	0	0	0	0	0	0	0	32	27	0	0	0	0	0	0	0
fsh-generated/resources/QuestionnaireResponse-Example.IMMZ.D1.QuestionnaireResponse.HepA.json	2396	2	0	0	0	0	0	0	0	1	0	0	0	0	0	0	0	0	0	0	34	29	0	0	0	0	0	0	0
fsh-generated/resources/QuestionnaireResponse-Example.IMMZ.D1.QuestionnaireResponse.HepB.json	2644	3	0	0	0	0	0	0	0	1	0	0	0	0	0	0	0	0	0	0	37	18	0	0	0	0	0	0	0
fsh-generated/resources/QuestionnaireResponse-Example.IMMZ.D1.QuestionnaireResponse.Hib.json	2085	3	0	0	0	0	0	0	0	1	0	0	0	0	0	0	0	0	0	0	33	16	0	0	0	0	0	0	0
fsh-generated/resources/QuestionnaireResponse-Example.IMMZ.D1.QuestionnaireResponse.JE.json	2372	3	0	0	0	0	0	0	0	1	0	0	0	0	0	0	0	0	0	0	34	15	0	0	0	0	0	0	0
fsh-generated/resources/QuestionnaireResponse-Example.IMMZ.D1.QuestionnaireResponse.Malaria.json	2083	3	0	0	0	0	0	0	0	1	0	0	0	0	0	0	0	0	0	0	32	15	1	0	0	0	0	0	0
fsh-generated/resources/QuestionnaireResponse-Example.IMMZ.D1.QuestionnaireResponse.Measles.json	2343	2	0	0	0	0	0	0	0	2	0	0	0	0	0	0	0	0	0	0	35	16	0	0	0	0	0	0	0
fsh-generated/resources/QuestionnaireResponse-Example.IMMZ.D1.QuestionnaireResponse.Meningococcal.json	2556	3	0	0	0	0	0	0	0	1	0	0	0	0	0	0	0	0	0	0	37	28	0	0	0	0	0	0	0
fsh-generated/resources/QuestionnaireResponse-Example.IMMZ.D1.QuestionnaireResponse.Mumps.json	2090	3	0	0	0	0	0	0	0	0	0	0	0	0	0	0	0	0	0	0	32	17	0	0	0	0	0	0	0
fsh-generated/resources/QuestionnaireResponse-Example.IMMZ.D1.QuestionnaireResponse.Pertussis.json	2098	2	0	0	0	0	0	0	1	1	0	0	0	0	0	0	0	0	0	0	32	16	0	0	0	0	0	0	0
fsh-generated/resources/QuestionnaireResponse-Example.IMMZ.D1.QuestionnaireResponse.Pneumococcal.json	2235	3	0	0	0	0	0	0	0	1	0	0	0	0	0	0	0	0	0	0	35	16	0	0	0	0	0	0	0
fsh-generated/resources/QuestionnaireResponse-Example.IMMZ.D1.QuestionnaireResponse.Polio.json	2481	3	0	0	0	0	0	0	0	2	0	0	0	0	0	0	0	0	0	0	35	22	0	0	0	0	0	0	0
fsh-generated/resources/QuestionnaireResponse-Example.IMMZ.D1.QuestionnaireResponse.Rabies.json	2345	3	0	0	0	0	0	0	0	0	0	0	0	0	0	0	0	0	0	0	36	24	0	0	0	0	0	0	0
fsh-generated/resources/QuestionnaireResponse-Example.IMMZ.D1.QuestionnaireResponse.Rotavirus.json	2087	3	0	0	0	0	0	0	0	1	0	0	0	0	0	0	0	0	0	0	33	16	0	0	0	0	0	0	0
fsh-generated/resources/QuestionnaireResponse-Example.IMMZ.D1.QuestionnaireResponse.Rubella.json	2094	2	0	0	0	0	0	0	0	1	0	0	0	0	0	0	0	0	0	0	32	16	0	0	0	0	0	0	0
fsh-generated/resources/QuestionnaireResponse-Example.IMMZ.D1.QuestionnaireResponse.TBE.json	2349	3	0	0	0	0	0	0	0	2	0	0	0	0	0	0	0	0	0	0	34	17	0	0	0	0	0	0	0
fsh-generated/resources/QuestionnaireResponse-Example.IMMZ.D1.QuestionnaireResponse.Tetanus.json	2094	3	0	0	0	0	0	0	0	1	0	0	0	0	0	0	0	0	0	0	33	16	0	0	0	0	0	0	0
fsh-generated/resources/QuestionnaireResponse-Example.IMMZ.D1.QuestionnaireResponse.Typhoid.json	2492	3	0	0	0	0	0	0	0	1	0	0	0	0	0	0	0	0	0	0	36	16	0	0	0	0	0	0	0
fsh-generated/resources/QuestionnaireResponse-Example.IMMZ.D1.QuestionnaireResponse.Varicella.json	2098	2	0	0	0	0	0	0	1	1	0	0	0	0	0	0	0	0	0	0	33	15	0	0	0	0	0	0	0
fsh-generated/resources/QuestionnaireResponse-Example.IMMZ.D1.QuestionnaireResponse.YellowFever.json	2250	3	0	0	0	0	0	0	0	2	0	0	0	0	0	0	0	0	0	0	33	15	0	0	0	0	0	0	0
fsh-generated/resources/QuestionnaireResponse-Example.IMMZ.D13.QuestionnaireResponse.BCG.json	4818	3	0	0	0	0	0	0	0	320	0	0	0	0	0	0	0	0	0	0	54	20	0	0	0	0	0	0	0
fsh-generated/resources/QuestionnaireResponse-Example.IMMZ.D13.QuestionnaireResponse.Measles.2.json	4267	3	0	0	0	0	0	0	0	1	0	0	0	0	0	0	0	0	0	0	47	18	1	0	0	0	0	0	0
fsh-generated/resources/QuestionnaireResponse-Example.IMMZ.D13.QuestionnaireResponse.Measles.json	4805	3	0	0	0	0	0	0	0	2	0	0	0	0	0	0	0	0	0	0	53	19	0	0	0	0	0	0	0
fsh-generated/resources/QuestionnaireResponse-Example.IMMZ.D17.QuestionnaireResponse.1.json	1573	3	0	0	0	0	0	0	0	1	0	0	0	0	0	0	0	0	0	0	31	20	0	0	0	0	0	0	0
fsh-generated/resources/QuestionnaireResponse-Example.IMMZ.D5.QuestionnaireResponse.1.json	920	2	0	0	0	0	0	0	0	0	0	0	0	0	0	0	0	0	0	0	21	14	0	0	0	0	0	0	0
fsh-generated/resources/RelatedPerson-IMMZ.C.Caregiver.1.json	574	3	0	0	0	0	0	0	1	256	0	0	0	0	0	0	0	0	0	0	11	14	0	0	0	0	0	0	1
fsh-generated/resources/StructureDefinition-IMMZ.AdverseEvent.json	3070	3	0	44	0	0	0	0	0	28	0	0	1	0	0	0	0	1	0	0	99	363	0	0	0	0	7	0	0
fsh-generated/resources/StructureDefinition-IMMZ.Caregiver.json	2875	3	0	111	0	0	0	0	0	22	0	0	0	0	0	0	0	0	0	0	98	387	0	0	0	0	5	0	0
fsh-generated/resources/StructureDefinition-IMMZ.Immunization.json	12091	3	0	188	0	0	0	0	0	90	0	0	0	0	0	0	0	1	0	0	288	738	0	0	1	0	16	0	2
fsh-generated/resources/StructureDefinition-IMMZ.Observation.json	2920	3	0	68	0	0	0	0	0	28	0	0	0	0	0	0	0	1	0	0	145	397	0	0	0	0	11	0	0
fsh-generated/resources/StructureDefinition-IMMZ.Patient.json	3756	3	0	49	1	0	0	0	0	31	0	0	1	0	0	0	0	1	0	0	171	472	0	0	0	0	11	0	1
fsh-generated/resources/StructureDefinition-IMMZAdministrativeArea.json	1538	3	0	93	0	0	0	0	0	94	0	0	0	0	0	0	0	0	0	0	33	143	0	0	0	0	1	0	0
fsh-generated/resources/StructureDefinition-IMMZC4.json	16472	3	0	25	0	0	0	0	0	25	0	0	0	0	0	0	0	0	0	0	85	196	0	0	0	0	4	0	1
fsh-generated/resources/StructureDefinition-IMMZCountryOfVaccination.json	1575	3	0	6	0	0	0	0	0	12	0	0	0	0	0	0	0	0	0	0	33	105	0	0	0	0	2	0	0
fsh-generated/resources/StructureDefinition-IMMZD1.json	42826	4	0	14	0	0	0	0	0	35	0	0	0	0	0	0	0	0	0	0	192	327	0	0	0	0	9	0	0
fsh-generated/resources/StructureDefinition-IMMZD13.json	39112	5	0	13	0	0	0	0	0	39	0	0	0	0	0	0	0	1	0	0	185	268	0	0	0	0	9	1	1
fsh-generated/resources/StructureDefinition-IMMZD17.json	10084	3	0	6	0	0	0	0	0	12	0	0	0	0	0	0	0	0	0	0	55	139	0	0	0	0	3	0	0
fsh-generated/resources/StructureDefinition-IMMZD18.json	3738	2	0	10	0	0	0	0	0	6	0	0	0	0	0	0	0	0	0	0	32	101	0	0	0	0	1	0	0
fsh-generated/resources/StructureDefinition-IMMZD2.json	2883	3	0	5	0	0	0	0	0	7	0	0	0	0	0	0	0	0	0	0	27	72	0	0	0	0	1	0	0
fsh-generated/resources/StructureDefinition-IMMZD20.json	2790	3	0	5	0	0	0	0	0	7	0	0	0	0	0	0	0	0	0	0	27	96	0	0	0	0	1	0	0
fsh-generated/resources/StructureDefinition-IMMZD21.json	5145	3	0	5	0	0	0	0	0	7	0	0	0	0	0	0	0	0	0	0	40	76	0	0	0	0	1	0	0
fsh-generated/resources/StructureDefinition-IMMZD5.json	3761	3	0	9	0	0	0	0	0	7	0	0	0	0	0	0	0	0	0	0	29	67	0	0	0	0	1	0	0
fsh-generated/resources/StructureDefinition-IMMZD7.json	3082	2	0	7	0	0	0	0	0	6	0	0	0	0	0	0	0	0	0	0	29	69	0	0	0	0	1	0	0
fsh-generated/resources/StructureDefinition-IMMZDueDateOfNextDose.json	1534	3	0	5	1	0	0	0	0	7	0	0	0	0	0	0	0	0	0	0	62	73	0	0	0	0	2	0	0
fsh-generated/resources/StructureDefinition-IMMZLiveVaccine.json	1381	3	0	5	0	0	0	0	0	7	0	0	0	0	0	0	0	0	0	0	32	74	0	0	0	0	1	0	0
fsh-generated/resources/StructureDefinition-IMMZMarketAuthorization.json	1726	3	0	5	0	0	0	0	0	7	0	0	0	0	0	0	0	0	0	0	33	77	0	0	0	0	1	0	0
fsh-generated/resources/StructureDefinition-IMMZOtherMedicalEvent.json	1396	2	0	4	0	0	0	0	0	7	0	0	0	0	0	0	0	0	0	0	32	75	0	0	0	0	1	0	0
fsh-generated/resources/StructureDefinition-IMMZTypeOfDose.json	1341	3	0	5	0	0	0	0	0	6	0	0	0	0	0	0	0	0	0	0	32	76	0	0	0	0	2	0	1
fsh-generated/resources/StructureDefinition-IMMZVaccineBrand.json	1512	3	0	5	0	0	0	0	0	6	0	0	0	0	0	0	0	1	0	0	32	74	0	0	0	0	1	0	0
fsh-generated/resources/ValueSet-IMMZ.C.DE5.json	1463	3	0	0	0	0	0	0	0	5	0	0	0	0	0	0	0	0	0	0	15	77	0	0	0	0	1	0	0
fsh-generated/resources/ValueSet-IMMZ.D.DE1.json	1267	2	0	0	0	0	0	0	0	5	0	0	0	0	0	0	0	0	0	0	14	67	0	0	0	0	1	0	0
fsh-generated/resources/ValueSet-IMMZ.D.DE107.json	2009	3	0	0	0	0	0	0	1	5	0	0	0	0	0	0	0	0	0	0	15	71	0	0	0	0	0	0	0
fsh-generated/resources/ValueSet-IMMZ.D.DE115.json	1991	3	0	0	0	0	0	0	0	5	0	0	0	0	0	0	0	0	0	0	16	71	0	0	0	0	1	0	0
fsh-generated/resources/ValueSet-IMMZ.D.DE126.json	6607	2	0	0	0	0	0	0	0	7	0	0	0	0	0	0	0	0	0	0	27	94	0	0	0	0	1	0	0
fsh-generated/resources/ValueSet-IMMZ.D.DE156.json	1793	3	0	0	0	0	0	0	0	8	0	0	0	0	0	0	0	0	0	0	15	69	0	0	0	0	0	0	0
fsh-generated/resources/ValueSet-IMMZ.D.DE161.json	6425	3	0	0	0	0	0	0	0	6	0	0	0	0	0	0	0	0	0	0	27	94	0	0	0	0	1	0	0
fsh-generated/resources/ValueSet-IMMZ.D.DE18.json	786	3	0	0	0	0	0	0	0	6	0	0	0	0	0	0	0	0	0	0	12	63	0	0	0	0	0	0	0
fsh-generated/resources/ValueSet-IMMZ.D.DE19.json	442	2	0	0	0	0	0	0	0	4	0	0	0	0	0	0	0	0	0	0	12	1362	0	0	0	0	0	0	0
fsh-generated/resources/ValueSet-IMMZ.D.DE204.json	1255	3	0	0	0	0	0	0	0	5	0	0	0	0	0	0	0	0	0	0	13	66	0	0	0	0	1	0	0
fsh-generated/resources/ValueSet-IMMZ.D.DE212.json	1015	3	0	0	0	0	0	0	1	5	0	0	0	0	0	0	0	0	0	0	14	66	0	0	0	0	0	0	0
fsh-generated/resources/ValueSet-IMMZ.D.DE216.json	1371	3	0	0	1	0	0	0	0	9	0	0	0	0	0	0	0	0	0	0	13	65	0	0	0	0	0	0	0
fsh-generated/resources/ValueSet-IMMZ.D.DE220.json	1491	2	0	0	0	0	0	0	0	5	0	0	0	0	0	0	0	0	0	0	15	63	0	0	0	0	0	0	0
fsh-generated/resources/ValueSet-IMMZ.D.DE225.json	1251	3	0	0	0	0	0	0	0	7	0	0	0	0	0	0	0	0	0	0	13	66	0	0	0	0	1	0	0
fsh-generated/resources/ValueSet-IMMZ.D.DE229.json	1043	3	0	0	0	0	0	0	0	5	0	0	0	0	0	0	0	0	0	0	13	65	0	0	0	0	0	0	0
fsh-generated/resources/ValueSet-IMMZ.D.DE23.json	830	2	0	0	0	0	0	0	0	4	0	0	0	0	0	0	0	0	0	0	12	63	0	0	1	0	0	0	0
fsh-generated/resources/ValueSet-IMMZ.D.DE232.json	1639	3	0	0	0	0	0	0	0	5	0	0	0	0	0	0	0	0	0	0	15	67	0	0	0	0	0	0	0
fsh-generated/resources/ValueSet-IMMZ.D.DE237.json	1135	3	0	0	0	0	0	0	0	5	0	0	0	0	0	0	0	0	0	0	13	63	0	0	0	0	1	0	0
fsh-generated/resources/ValueSet-IMMZ.D.DE241.json	1253	2	0	0	0	0	0	0	0	5	0	0	0	0	0	0	0	0	0	0	14	66	0	0	0	0	0	0	0
fsh-generated/resources/ValueSet-IMMZ.D.DE243.json	1039	3	0	0	0	0	0	0	0	5	0	0	0	0	0	0	0	0	0	0	13	64	0	0	0	0	0	0	0
fsh-generated/resources/ValueSet-IMMZ.D.DE246.json	1035	3	0	0	0	0	0	0	0	4	0	0	0	0	0	0	0	0	0	0	13	62	0	0	0	0	0	0	0
fsh-generated/resources/ValueSet-IMMZ.D.DE25.json	884	2	0	0	0	0	0	0	0	5	0	0	0	0	0	0	0	0	0	0	12	62	0	0	0	0	1	0	0
fsh-generated/resources/ValueSet-IMMZ.D.DE254.json	1125	3	0	0	0	0	0	0	0	5	0	0	0	0	0	0	0	0	0	0	14	64	0	0	0	0	0	0	0
fsh-generated/resources/ValueSet-IMMZ.D.DE258.json	1515	3	0	0	0	0	0	0	0	9	0	0	0	0	0	0	0	0	0	0	14	65	0	0	0	0	0	0	0
fsh-generated/resources/ValueSet-IMMZ.D.DE5.json	3671	3	0	0	0	0	0	0	1	7	0	0	0	0	0	0	0	0	0	0	21	74	0	0	0	0	1	0	0
fsh-generated/resources/ValueSet-IMMZ.D.DE86.json	2174	2	0	0	0	0	0	0	0	5	0	0	0	0	0	0	0	0	0	0	16	64	0	0	0	0	0	0	0
fsh-generated/resources/ValueSet-IMMZ.D.DE95.json	2708	3	0	0	0	0	0	0	0	9	0	0	0	0	0	0	0	0	0	0	18	71	0	0	0	0	1	0	0
fsh-generated/resources/ValueSet-IMMZ.D.Observation.json	6155	3	0	0	1	0	0	0	0	10	0	0	0	0	0	0	0	0	0	0	27	87	0	0	0	0	1	0	0
fsh-generated/resources/ValueSet-IMMZ.D2.DT.Cholera.WC.json	8334	3	0	0	0	0	0	0	0	12	0	0	0	0	0	0	0	0	0	0	33	88	0	0	0	0	1	0	0
fsh-generated/resources/ValueSet-IMMZ.D2.DT.Cholera.rBS2to5.json	7934	3	0	0	0	0	0	0	1	11	0	0	0	0	0	0	0	0	0	0	32	84	0	0	0	0	1	0	0
fsh-generated/resources/ValueSet-IMMZ.D2.DT.Cholera.rBSover5.json	6067	2	0	0	0	0	0	1	0	11	0	0	0	0	0	0	0	0	0	0	27	81	0	0	0	0	1	0	0
fsh-generated/resources/ValueSet-IMMZ.D2.DT.Dengue.NoScreen.json	5310	3	0	0	0	0	0	0	0	10	0	0	0	0	0	0	0	0	0	0	24	80	0	0	0	0	1	0	0
fsh-generated/resources/ValueSet-IMMZ.D2.DT.Dengue.Seropos.json	5920	3	0	0	0	0	0	0	0	11	0	0	0	0	0	0	0	0	0	0	26	79	0	0	0	1	1	0	0
fsh-generated/resources/ValueSet-IMMZ.D2.DT.HepatitisA.IHAV1.json	3431	3	0	0	0	0	0	0	0	6	0	0	0	0	0	0	0	0	0	0	20	69	0	0	0	0	0	0	0
fsh-generated/resources/ValueSet-IMMZ.D2.DT.HepatitisA.IHAV2.json	4576	2	0	0	0	0	0	0	0	6	0	0	0	0	0	0	0	0	0	0	22	71	0	0	0	0	1	0	1
fsh-generated/resources/ValueSet-IMMZ.D2.DT.HepatitisA.LHAV1.json	4145	3	0	0	0	0	0	0	1	5	0	0	0	0	0	0	0	0	0	0	21	71	0	0	0	0	1	0	0
fsh-generated/resources/ValueSet-IMMZ.D2.DT.Malaria.4Dose.json	9406	3	0	0	0	0	0	0	0	6	0	0	0	0	0	0	0	0	0	0	36	90	0	0	0	0	1	0	0
fsh-generated/resources/ValueSet-IMMZ.D2.DT.Meningococcal.MenA1.json	3422	3	0	0	0	0	0	0	0	9	0	0	0	0	0	0	0	0	0	0	19	73	0	0	1	0	1	0	0
fsh-generated/resources/ValueSet-IMMZ.D2.DT.Meningococcal.MenA2.json	4690	3	0	0	0	0	0	0	0	10	0	0	0	0	0	0	0	1	0	0	23	95	0	0	0	0	0	0	0
fsh-generated/resources/ValueSet-IMMZ.D2.DT.Meningococcal.MenC.json	7298	3	0	0	0	0	0	0	0	11	0	0	0	0	0	0	0	0	0	0	29	83	0	0	0	0	1	0	0
fsh-generated/resources/ValueSet-IMMZ.D2.DT.Meningococcal.Poly.json	5947	2	0	0	0	0	0	0	1	11	0	0	0	0	0	0	0	0	0	0	26	77	0	0	0	0	1	0	0
fsh-generated/resources/ValueSet-IMMZ.D2.DT.Meningococcal.Quad1.json	3492	3	0	0	1	0	0	0	0	7	0	0	0	0	0	0	0	0	0	0	19	70	0	0	0	0	1	0	0
fsh-generated/resources/ValueSet-IMMZ.D2.DT.Meningococcal.Quad2.json	5485	3	0	0	0	0	0	0	0	6	0	0	0	0	0	0	0	0	0	0	25	76	0	0	0	0	0	0	0
fsh-generated/resources/ValueSet-IMMZ.D2.DT.Mumps.2Dose.json	5123	3	0	0	0	0	0	0	0	5	0	0	0	0	0	0	0	0	0	0	24	76	0	0	0	0	1	0	0
fsh-generated/resources/ValueSet-IMMZ.D2.DT.Rabies.PrEP.json	3753	2	0	0	0	0	0	0	0	6	0	0	0	0	0	0	0	0	0	0	20	74	0	0	0	0	1	0	0
fsh-generated/resources/ValueSet-IMMZ.D2.DT.Seasonalinfluenza.2Dose.json	6651	3	0	0	0	0	0	0	0	6	0	0	0	0	0	0	0	0	0	0	28	84	0	0	0	0	1	0	0
fsh-generated/resources/ValueSet-IMMZ.D2.DT.Varicella.1Dose.json	4022	3	0	0	0	0	0	0	1	5	0	0	0	0	0	0	0	0	0	0	21	71	0	0	0	0	0	0	0
fsh-generated/resources/ValueSet-IMMZ.D2.DT.Varicella.2Dose.json	5125	3	0	0	0	0	0	0	0	10	0	0	0	0	0	0	0	0	0	0	24	74	0	0	0	0	1	0	0
fsh-generated/resources/ValueSet-IMMZ.D5.DT.Dengue.CI.json	4634	3	0	0	0	0	0	0	0	10	0	0	0	0	0	0	0	0	0	0	22	74	0	0	0	0	1	0	0
fsh-generated/resources/ValueSet-IMMZ.D5.DT.HepatitisA.CI.json	2830	2	0	0	0	0	0	0	0	10	0	0	0	0	0	0	0	0	0	0	18	67	0	0	0	0	0	0	0
fsh-generated/resources/ValueSet-IMMZ.D5.DT.Malaria.CI.json	1816	3	0	0	0	0	0	0	0	8	0	0	0	0	0	0	0	0	0	0	14	63	0	0	0	0	1	0	0
fsh-generated/resources/ValueSet-IMMZ.D5.DT.Meningococcal.CI.json	1836	3	0	0	0	0	0	0	0	9	0	0	0	0	0	0	0	0	0	0	15	63	0	0	0	0	0	0	0
fsh-generated/resources/ValueSet-IMMZ.D5.DT.Mumps.CI.json	2939	2	0	0	0	0	0	0	0	5	0	0	0	0	0	0	0	0	0	0	17	65	0	0	0	0	0	0	0
fsh-generated/resources/ValueSet-IMMZ.D5.DT.Rabies.CI.json	1676	3	0	0	0	0	0	0	0	5	0	0	0	0	0	0	0	0	0	0	15	63	0	0	0	0	1	0	0
fsh-generated/resources/ValueSet-IMMZ.D5.DT.Seasonalinfluenza.CI.json	2341	50	0	0	1	0	0	0	0	4	0	0	0	0	0	0	0	0	0	0	16	65	0	0	0	0	0	0	0
fsh-generated/resources/ValueSet-IMMZ.D5.DT.Varicella.CI.json	4160	3	0	0	0	0	0	0	1	5	0	0	0	0	0	0	0	0	0	0	20	71	0	0	1	0	1	0	0
fsh-generated/resources/ValueSet-IMMZ.I.DE30.json	2830	3	0	0	0	0	0	0	0	5	0	0	0	0	0	0	0	0	0	0	19	72	0	0	0	0	0	0	0
fsh-generated/resources/ValueSet-IMMZ.I.DE48.json	1834	2	0	0	0	0	0	0	0	5	0	0	0	0	0	0	0	0	0	0	15	66	0	0	0	0	0	0	0
fsh-generated/resources/ValueSet-IMMZ.Z.DE1.json	2384	3	0	0	0	0	0	0	0	5	0	0	0	0	0	0	0	0	0	0	15	68	0	0	0	0	1	0	0
fsh-generated/resources/ValueSet-IMMZ.Z.DE10.json	5755	3	0	0	0	0	0	0	0	5	0	0	0	0	0	0	0	0	0	0	22	81	0	0	0	0	0	0	0
fsh-generated/resources/ValueSet-IMMZ.Z.DE11.json	5333	3	0	0	0	0	0	0	0	5	0	0	0	0	0	0	0	0	0	0	20	965	0	0	0	0	1	0	0
fsh-generated/resources/ValueSet-IMMZ.Z.DE12.json	11569	3	0	0	0	0	0	0	1	6	0	0	0	0	0	0	0	0	0	0	32	940	0	0	0	0	1	0	0
fsh-generated/resources/ValueSet-IMMZ.Z.DE13.json	3519	3	0	0	0	0	0	0	0	5	0	0	0	0	0	0	0	0	0	0	17	74	0	0	0	0	1	0	0
fsh-generated/resources/ValueSet-IMMZ.Z.DE14.json	9225	3	0	0	0	0	0	0	0	5	0	0	0	0	0	0	0	0	0	0	28	93	0	0	1	0	0	0	0
fsh-generated/resources/ValueSet-IMMZ.Z.DE15.json	2708	2	0	0	0	0	0	0	0	5	0	0	0	0	0	0	0	0	0	0	16	68	0	0	0	0	1	0	1
fsh-generated/resources/ValueSet-IMMZ.Z.DE16.json	3008	3	0	0	0	0	0	0	0	5	0	0	0	0	0	0	0	0	0	0	16	1040	0	0	0	0	0	0	0
fsh-generated/resources/ValueSet-IMMZ.Z.DE17.json	5870	3	0	0	0	0	0	0	1	5	0	0	0	0	0	0	0	0	0	0	22	890	0	0	0	0	1	0	0
fsh-generated/resources/ValueSet-IMMZ.Z.DE18.json	4999	3	0	0	1	0	0	0	0	5	0	0	0	0	0	0	0	0	0	0	20	1005	0	0	0	0	0	0	0
fsh-generated/resources/ValueSet-IMMZ.Z.DE19.json	11143	3	0	0	0	0	0	0	0	6	0	0	0	0	0	0	0	1	0	0	32	709	0	0	0	0	1	0	0
fsh-generated/resources/ValueSet-IMMZ.Z.DE2.json	4289	3	0	0	0	0	0	0	1	5	0	0	0	0	0	0	0	0	0	0	21	75	0	0	1	0	1	0	0
fsh-generated/resources/ValueSet-IMMZ.Z.DE20.json	2233	2	0	0	0	0	0	0	0	5	0	0	0	0	0	0	0	0	0	0	14	70	0	0	0	0	0	0	0
fsh-generated/resources/ValueSet-IMMZ.Z.DE21.json	4458	3	0	0	0	0	0	0	0	5	0	0	0	0	0	0	0	0	0	0	19	77	0	0	0	0	1	0	0
fsh-generated/resources/ValueSet-IMMZ.Z.DE22.json	3551	3	0	0	0	0	0	0	0	6	0	0	0	0	0	0	0	0	0	0	18	1042	0	0	0	0	0	0	0
fsh-generated/resources/ValueSet-IMMZ.Z.DE23.json	2722	3	0	0	0	0	0	0	0	5	0	0	0	0	0	0	0	0	0	0	15	1013	0	0	0	0	3	0	0
fsh-generated/resources/ValueSet-IMMZ.Z.DE24.json	8534	3	0	0	0	0	0	0	0	6	0	0	0	0	0	0	0	0	0	0	27	910	0	0	0	0	0	0	0
fsh-generated/resources/ValueSet-IMMZ.Z.DE25.json	1127	2	0	0	0	0	0	0	0	4	0	0	0	0	0	0	0	0	0	0	13	65	0	0	0	0	1	0	0
fsh-generated/resources/ValueSet-IMMZ.Z.DE26.json	5409	3	0	0	0	0	0	0	1	5	0	0	0	0	0	0	0	0	0	0	21	1011	0	0	0	0	0	0	0
fsh-generated/resources/ValueSet-IMMZ.Z.DE27.json	1111	3	0	0	0	0	0	0	0	5	0	0	0	0	0	0	0	0	0	0	13	273	0	0	1	0	1	0	0
fsh-generated/resources/ValueSet-IMMZ.Z.DE28.json	8976	3	0	0	1	0	0	0	0	5	0	0	0	0	0	0	0	0	0	0	28	687	0	0	0	0	0	0	0
fsh-generated/resources/ValueSet-IMMZ.Z.DE29.json	1688	3	0	0	0	0	0	0	0	5	0	0	0	0	0	0	0	0	0	0	14	830	0	0	0	0	1	0	0
fsh-generated/resources/ValueSet-IMMZ.Z.DE3.json	12185	3	0	0	0	0	0	0	1	6	0	0	0	0	0	0	0	0	0	0	33	1153	0	0	0	0	1	0	0
fsh-generated/resources/ValueSet-IMMZ.Z.DE30.json	2744	3	0	0	0	0	0	0	0	5	0	0	0	0	0	0	0	0	0	0	16	72	0	0	0	0	0	0	0
fsh-generated/resources/ValueSet-IMMZ.Z.DE31.json	3183	2	0	0	0	0	0	0	0	5	0	0	0	0	0	0	0	0	0	0	16	67	0	0	0	0	1	0	0
fsh-generated/resources/ValueSet-IMMZ.Z.DE32.json	3471	3	0	0	0	0	0	0	0	5	0	0	0	0	0	0	0	0	0	0	18	817	0	0	1	0	0	0	0
fsh-generated/resources/ValueSet-IMMZ.Z.DE33.json	1291	3	0	0	0	0	0	0	0	4	0	0	0	0	0	0	0	0	0	0	13	591	0	0	0	0	0	0	0
fsh-generated/resources/ValueSet-IMMZ.Z.DE34.json	1734	3	0	0	0	0	0	0	0	5	0	0	0	0	0	0	0	0	0	0	14	815	0	0	0	0	1	0	0
fsh-generated/resources/ValueSet-IMMZ.Z.DE4.json	8826	2	0	0	0	0	0	0	0	5	0	1	0	0	0	0	0	0	0	0	27	1147	0	0	0	0	0	0	0
fsh-generated/resources/ValueSet-IMMZ.Z.DE5.json	3301	3	0	0	0	0	0	0	1	5	0	0	0	0	0	0	0	0	0	0	20	87	0	0	0	0	1	0	0
fsh-generated/resources/ValueSet-IMMZ.Z.DE6.json	6972	3	0	0	0	0	0	0	0	9	0	0	0	0	0	0	0	0	0	0	23	84	0	0	0	0	0	0	0
fsh-generated/resources/ValueSet-IMMZ.Z.DE7.json	3571	3	0	0	0	0	0	0	0	7	0	0	0	0	0	0	0	0	0	0	18	1048	0	0	1	0	1	0	0
fsh-generated/resources/ValueSet-IMMZ.Z.DE8.json	2517	3	0	0	0	0	0	0	0	5	0	0	0	0	0	0	0	0	0	0	15	67	0	0	0	0	0	0	0
fsh-generated/resources/ValueSet-IMMZ.Z.DE9.json	5358	2	0	0	1	0	0	0	0	5	0	0	0	0	0	0	0	0	0	0	20	78	0	0	0	0	1	0	0
fsh-generated/resources/ValueSet-IMMZ.Z.LiveAttenuated.json	12634	4	0	0	0	0	0	0	1	6	0	0	0	0	0	0	0	0	0	0	34	936	0	0	0	0	1	0	1
fsh-generated/resources/ValueSet-IMMZ.Z.VS.json	4285	2	0	0	0	0	0	0	0	5	0	0	0	0	0	0	0	0	0	0	20	352	0	0	1	0	1	0	0
input/maps/IMMZ.C4.LMToPatient.fml	2885	6	0	0	0	0	0	0	1	9	0	0	0	0	0	0	0	0	0	0	35	26	0	0	0	0	2	0	0
input/maps/IMMZ.C4.QRToLM.fml	2191	5	0	0	0	0	0	0	0	11	0	0	0	0	0	0	0	1	0	0	27	21	0	0	0	0	1	0	0
input/maps/IMMZ.C4.QRToPatient.fml	915	5	0	0	0	0	0	0	0	5	0	0	0	0	0	0	0	0	0	0	17	23	0	0	0	0	0	0	0
input/maps/IMMZ.D1.LMToBundle.fml	1072	4	0	0	0	0	0	0	0	6	0	0	0	0	0	0	0	0	0	0	17	33	0	0	0	0	1	0	0
input/maps/IMMZ.D1.QRToBundle.fml	919	5	0	0	0	0	0	0	1	5	0	0	0	0	0	0	0	0	0	0	17	19	0	0	0	0	0	0	0
input/maps/IMMZ.D1.QRToLM.fml	677	4	0	0	0	0	0	0	0	4	0	0	0	0	0	0	0	0	0	0	16	19	0	0	0	0	1	0	0
input/maps/IMMZ.D13.LMToBundle.fml	994	5	0	0	0	0	0	0	0	5	0	0	0	0	0	0	0	0	0	0	17	30	0	0	0	0	0	0	0
input/maps/IMMZ.D13.QRToBundle.fml	928	4	0	0	1	0	0	0	0	5	0	0	0	0	0	0	0	0	0	0	17	20	0	0	0	0	1	0	0
input/maps/IMMZ.D13.QRToLM.fml	684	4	0	0	0	0	0	0	0	5	0	0	0	0	0	0	0	0	0	0	16	19	0	0	0	0	0	0	0
input/maps/IMMZ.D17.LMToBundle.fml	1927	5	0	0	0	0	0	0	0	9	0	0	0	0	0	0	0	0	0	0	24	31	0	0	0	0	1	0	0
input/maps/IMMZ.D17.QRToBundle.fml	928	4	0	0	0	0	0	0	0	5	0	0	0	0	0	0	0	0	0	0	17	19	0	0	0	0	0	0	0
input/maps/IMMZ.D17.QRToLM.fml	1443	5	0	0	0	0	0	0	0	5	0	0	0	0	0	0	0	0	0	0	21	19	0	0	0	0	1	0	0
input/maps/IMMZ.D5.LMToBundle.fml	1152	5	0	0	0	0	0	0	0	5	0	0	0	0	0	0	0	0	0	0	17	33	0	0	0	0	1	0	0
input/maps/IMMZ.D5.QRToBundle.fml	919	4	0	0	0	0	0	0	1	5	0	0	0	0	0	0	0	0	0	0	18	19	0	0	0	0	0	0	0
input/maps/IMMZ.D5.QRToLM.fml	737	4	0	0	0	0	0	0	0	5	0	0	0	0	0	0	0	0	0	0	16	18	0	0	1	0	1	0	0
input/maps/IMMZ.Helpers.fml	21527	10	0	0	0	0	0	0	2	21	0	0	0	0	0	0	0	0	0	0	174	50	0	0	0	0	10	0	2
